-- MySQL dump 10.16  Distrib 10.1.24-MariaDB, for Win32 (AMD64)
--
-- Host: localhost    Database: ewis
-- ------------------------------------------------------
-- Server version	10.1.24-MariaDB

/*!40101 SET @OLD_CHARACTER_SET_CLIENT=@@CHARACTER_SET_CLIENT */;
/*!40101 SET @OLD_CHARACTER_SET_RESULTS=@@CHARACTER_SET_RESULTS */;
/*!40101 SET @OLD_COLLATION_CONNECTION=@@COLLATION_CONNECTION */;
/*!40101 SET NAMES utf8 */;
/*!40103 SET @OLD_TIME_ZONE=@@TIME_ZONE */;
/*!40103 SET TIME_ZONE='+00:00' */;
/*!40014 SET @OLD_UNIQUE_CHECKS=@@UNIQUE_CHECKS, UNIQUE_CHECKS=0 */;
/*!40014 SET @OLD_FOREIGN_KEY_CHECKS=@@FOREIGN_KEY_CHECKS, FOREIGN_KEY_CHECKS=0 */;
/*!40101 SET @OLD_SQL_MODE=@@SQL_MODE, SQL_MODE='NO_AUTO_VALUE_ON_ZERO' */;
/*!40111 SET @OLD_SQL_NOTES=@@SQL_NOTES, SQL_NOTES=0 */;

--
-- Current Database: `ewis`
--

CREATE DATABASE /*!32312 IF NOT EXISTS*/ `ewis` /*!40100 DEFAULT CHARACTER SET latin1 */;

USE `ewis`;

--
-- Table structure for table `brands`
--

DROP TABLE IF EXISTS `brands`;
/*!40101 SET @saved_cs_client     = @@character_set_client */;
/*!40101 SET character_set_client = utf8 */;
CREATE TABLE `brands` (
  `id` int(10) unsigned NOT NULL AUTO_INCREMENT,
  `title` varchar(191) COLLATE utf8mb4_unicode_ci NOT NULL,
  `description` varchar(191) COLLATE utf8mb4_unicode_ci DEFAULT NULL,
  `image` text COLLATE utf8mb4_unicode_ci,
  `user_id` varchar(191) COLLATE utf8mb4_unicode_ci NOT NULL,
  `status` tinyint(1) NOT NULL DEFAULT '1',
  `created_at` timestamp NULL DEFAULT NULL,
  `updated_at` timestamp NULL DEFAULT NULL,
  PRIMARY KEY (`id`),
  UNIQUE KEY `brands_title_unique` (`title`)
) ENGINE=InnoDB AUTO_INCREMENT=6 DEFAULT CHARSET=utf8mb4 COLLATE=utf8mb4_unicode_ci;
/*!40101 SET character_set_client = @saved_cs_client */;

--
-- Dumping data for table `brands`
--

LOCK TABLES `brands` WRITE;
/*!40000 ALTER TABLE `brands` DISABLE KEYS */;
INSERT INTO `brands` VALUES (1,'Lexmark','Printers, Multi-function devices, Related Consumables, Accessories, Options, Solutions........','storage/brands/7s9f5ehAWbBGCst2pISqjQiI1yc7nOSk4cPqopaz.png','1',1,'2017-05-07 22:34:58','2017-05-07 22:34:58'),(2,'Konica Minolta','Copiers, Production Printers, Related Consumables / Supplies, Accessories, Options, Solutions........','storage/brands/BAum8GUUbEAE8RQscEBGzgJVIIrpqyR0NKCfHQ4b.gif','1',1,'2017-05-07 22:35:34','2017-05-21 21:12:49'),(3,'Ricoh','Copiers, Production Printers, Duplicators, Projectors, Related Consumables / Supplies, Accessories, Options, Solutions........','storage/brands/B5K0LnVNCuGl7aTfjP7Br9sr4tSPOkRpTwozCe7f.png','1',1,'2017-05-07 22:35:52','2017-05-07 22:35:52'),(4,'Catic','Passbook Printers, Related Consumables (i.e. Printer Ribbons)','storage/brands/oJJgOzskGww9BnLiDz4Wciuaqaps4jgjWv5o7ppc.jpeg','1',1,'2017-05-07 22:36:22','2017-05-07 22:36:22'),(5,'Turbon','Replacement / Re-manufactured Consumables / Supplies','storage/brands/5CkQLs3U6NHqXsPNqYMcuCIrn88OedMkY1BWKVZV.png','1',1,'2017-06-05 09:30:32','2017-06-05 09:30:32');
/*!40000 ALTER TABLE `brands` ENABLE KEYS */;
UNLOCK TABLES;

--
-- Table structure for table `c_brands`
--

DROP TABLE IF EXISTS `c_brands`;
/*!40101 SET @saved_cs_client     = @@character_set_client */;
/*!40101 SET character_set_client = utf8 */;
CREATE TABLE `c_brands` (
  `id` int(10) unsigned NOT NULL AUTO_INCREMENT,
  `user_id` int(11) NOT NULL,
  `brand_id` int(11) NOT NULL,
  `clients_branch_id` int(11) NOT NULL,
  `remove` tinyint(1) NOT NULL DEFAULT '0',
  `created_at` timestamp NULL DEFAULT NULL,
  `updated_at` timestamp NULL DEFAULT NULL,
  PRIMARY KEY (`id`)
) ENGINE=InnoDB AUTO_INCREMENT=34 DEFAULT CHARSET=utf8mb4 COLLATE=utf8mb4_unicode_ci;
/*!40101 SET character_set_client = @saved_cs_client */;

--
-- Dumping data for table `c_brands`
--

LOCK TABLES `c_brands` WRITE;
/*!40000 ALTER TABLE `c_brands` DISABLE KEYS */;
INSERT INTO `c_brands` VALUES (4,1,1,1,0,'2017-05-09 05:57:50','2017-05-09 05:57:50'),(5,1,1,2,0,'2017-05-09 06:11:33','2017-05-09 06:11:33'),(6,1,1,3,0,'2017-05-09 06:18:23','2017-05-09 06:18:23'),(7,1,1,4,0,'2017-05-09 06:25:26','2017-05-09 06:25:26'),(8,1,4,4,0,'2017-05-09 06:25:48','2017-05-09 06:25:48'),(9,1,1,5,0,'2017-05-09 06:35:53','2017-05-09 06:35:53'),(10,1,1,6,0,'2017-05-09 06:58:10','2017-05-09 06:58:10'),(11,1,1,7,0,'2017-05-09 07:07:18','2017-05-09 07:07:18'),(12,1,3,7,0,'2017-05-09 07:07:20','2017-05-09 07:07:20'),(13,1,1,8,0,'2017-05-09 07:20:15','2017-05-09 07:20:15'),(14,1,2,8,0,'2017-05-09 07:20:18','2017-05-09 07:20:18'),(15,1,3,10,0,'2017-05-12 01:52:10','2017-05-12 01:52:10'),(16,1,4,10,0,'2017-05-12 01:52:13','2017-05-12 01:52:13'),(17,1,2,10,0,'2017-05-12 01:52:16','2017-05-12 01:52:16'),(18,1,1,10,0,'2017-05-12 01:52:20','2017-05-12 01:52:20'),(19,11,5,13,0,'2017-06-05 09:41:37','2017-06-05 09:41:37'),(20,1,1,13,0,'2017-06-06 03:50:51','2017-06-06 03:50:51'),(21,1,3,13,0,'2017-06-06 03:52:14','2017-06-06 03:52:14'),(22,1,1,14,0,'2017-06-07 06:57:28','2017-06-07 06:57:28'),(23,1,1,15,0,'2017-06-23 23:37:00','2017-06-23 23:37:00'),(24,1,1,16,0,'2017-06-23 23:37:45','2017-06-23 23:37:45'),(25,1,1,17,0,'2017-06-23 23:38:14','2017-06-23 23:38:14'),(26,1,1,18,0,'2017-06-23 23:38:50','2017-06-23 23:38:50'),(27,1,1,19,0,'2017-06-23 23:39:13','2017-06-23 23:39:13'),(28,1,1,20,0,'2017-06-23 23:39:39','2017-06-23 23:39:39'),(29,1,1,21,0,'2017-06-23 23:40:03','2017-06-23 23:40:03'),(30,1,1,22,0,'2017-06-23 23:40:31','2017-06-23 23:40:31'),(31,1,1,23,0,'2017-06-23 23:40:54','2017-06-23 23:40:54'),(32,1,1,24,0,'2017-06-23 23:41:23','2017-06-23 23:41:23'),(33,1,1,25,0,'2017-06-23 23:41:50','2017-06-23 23:41:50');
/*!40000 ALTER TABLE `c_brands` ENABLE KEYS */;
UNLOCK TABLES;

--
-- Table structure for table `c_categories`
--

DROP TABLE IF EXISTS `c_categories`;
/*!40101 SET @saved_cs_client     = @@character_set_client */;
/*!40101 SET character_set_client = utf8 */;
CREATE TABLE `c_categories` (
  `id` int(10) unsigned NOT NULL AUTO_INCREMENT,
  `user_id` int(11) NOT NULL,
  `category_id` int(11) NOT NULL,
  `clients_branch_id` int(11) NOT NULL,
  `c_brand_id` int(11) NOT NULL,
  `remove` tinyint(1) NOT NULL DEFAULT '0',
  `created_at` timestamp NULL DEFAULT NULL,
  `updated_at` timestamp NULL DEFAULT NULL,
  PRIMARY KEY (`id`)
) ENGINE=InnoDB AUTO_INCREMENT=34 DEFAULT CHARSET=utf8mb4 COLLATE=utf8mb4_unicode_ci;
/*!40101 SET character_set_client = @saved_cs_client */;

--
-- Dumping data for table `c_categories`
--

LOCK TABLES `c_categories` WRITE;
/*!40000 ALTER TABLE `c_categories` DISABLE KEYS */;
INSERT INTO `c_categories` VALUES (1,1,8,1,1,1,'2017-05-09 05:53:20','2017-05-09 05:53:43'),(2,1,8,1,2,1,'2017-05-09 05:54:10','2017-05-09 05:55:23'),(3,1,8,1,3,1,'2017-05-09 05:55:53','2017-05-09 05:57:26'),(4,1,8,1,4,0,'2017-05-09 05:58:03','2017-05-09 05:58:03'),(5,1,8,2,5,0,'2017-05-09 06:11:50','2017-05-09 06:11:50'),(6,1,8,3,6,0,'2017-05-09 06:18:34','2017-05-09 06:18:34'),(7,1,8,4,7,0,'2017-05-09 06:26:01','2017-05-09 06:26:01'),(8,1,1,4,8,0,'2017-05-09 06:26:06','2017-05-09 06:26:06'),(9,1,8,5,9,1,'2017-05-09 06:36:11','2017-05-12 00:50:58'),(10,1,8,6,10,0,'2017-05-09 06:58:23','2017-05-09 06:58:23'),(11,1,8,7,11,0,'2017-05-09 07:07:35','2017-05-09 07:07:35'),(12,1,12,7,12,0,'2017-05-09 07:07:40','2017-05-09 07:07:40'),(13,1,8,8,13,0,'2017-05-09 07:20:31','2017-05-09 07:20:31'),(14,1,4,8,14,0,'2017-05-09 07:20:35','2017-05-09 07:20:35'),(15,1,10,10,15,0,'2017-05-12 01:52:42','2017-05-12 01:52:42'),(16,1,8,10,18,0,'2017-05-12 01:52:57','2017-05-12 01:52:57'),(17,1,1,10,16,0,'2017-05-12 01:53:01','2017-05-12 01:53:01'),(18,1,4,10,17,0,'2017-05-12 01:53:18','2017-05-12 01:53:18'),(19,11,17,13,19,0,'2017-06-05 09:42:01','2017-06-05 09:42:01'),(20,1,8,13,20,0,'2017-06-06 03:51:17','2017-06-06 03:51:17'),(21,1,12,13,21,0,'2017-06-06 03:52:28','2017-06-06 03:52:28'),(22,1,8,14,22,0,'2017-06-07 06:57:45','2017-06-07 06:57:45'),(23,1,8,15,23,0,'2017-06-23 23:37:19','2017-06-23 23:37:19'),(24,1,8,16,24,0,'2017-06-23 23:38:03','2017-06-23 23:38:03'),(25,1,8,17,25,0,'2017-06-23 23:38:35','2017-06-23 23:38:35'),(26,1,8,18,26,0,'2017-06-23 23:39:02','2017-06-23 23:39:02'),(27,1,8,19,27,0,'2017-06-23 23:39:27','2017-06-23 23:39:27'),(28,1,8,20,28,0,'2017-06-23 23:39:52','2017-06-23 23:39:52'),(29,1,8,21,29,0,'2017-06-23 23:40:19','2017-06-23 23:40:19'),(30,1,8,22,30,0,'2017-06-23 23:40:44','2017-06-23 23:40:44'),(31,1,8,23,31,0,'2017-06-23 23:41:07','2017-06-23 23:41:07'),(32,1,8,24,32,0,'2017-06-23 23:41:38','2017-06-23 23:41:38'),(33,1,8,25,33,0,'2017-06-23 23:42:08','2017-06-23 23:42:08');
/*!40000 ALTER TABLE `c_categories` ENABLE KEYS */;
UNLOCK TABLES;

--
-- Table structure for table `categories`
--

DROP TABLE IF EXISTS `categories`;
/*!40101 SET @saved_cs_client     = @@character_set_client */;
/*!40101 SET character_set_client = utf8 */;
CREATE TABLE `categories` (
  `id` int(10) unsigned NOT NULL AUTO_INCREMENT,
  `title` varchar(191) COLLATE utf8mb4_unicode_ci NOT NULL,
  `brand_id` int(10) unsigned NOT NULL,
  `description` varchar(191) COLLATE utf8mb4_unicode_ci DEFAULT NULL,
  `image` text COLLATE utf8mb4_unicode_ci,
  `user_id` varchar(191) COLLATE utf8mb4_unicode_ci NOT NULL,
  `status` tinyint(1) NOT NULL DEFAULT '1',
  `category_key` varchar(191) COLLATE utf8mb4_unicode_ci NOT NULL,
  `created_at` timestamp NULL DEFAULT NULL,
  `updated_at` timestamp NULL DEFAULT NULL,
  PRIMARY KEY (`id`),
  UNIQUE KEY `categories_category_key_unique` (`category_key`),
  KEY `categories_brand_id_index` (`brand_id`)
) ENGINE=InnoDB AUTO_INCREMENT=18 DEFAULT CHARSET=utf8mb4 COLLATE=utf8mb4_unicode_ci;
/*!40101 SET character_set_client = @saved_cs_client */;

--
-- Dumping data for table `categories`
--

LOCK TABLES `categories` WRITE;
/*!40000 ALTER TABLE `categories` DISABLE KEYS */;
INSERT INTO `categories` VALUES (1,'Consumables',4,'Impact Printer Ribbon Cartridges','storage/categories/WlGxBlfDMnnWj3kcHgLRZa41xsYaTCbdejplSGJn.jpeg','1',1,'Consumables_4','2017-05-07 22:41:38','2017-05-07 22:41:38'),(2,'Photocopiers',2,'Monochrome / Colour Copiers','storage/categories/re0UkEIiEiQ4jMNah3Vk3qIs0PShS57MMmZ5FUf5.jpeg','1',1,'Photocopiers_2','2017-05-07 22:43:20','2017-05-07 22:43:20'),(3,'Production Printers',2,'Monochrome / Colour Production Printers','storage/categories/eYHgExqqBJUX163mSCJomEAzAvEhCeGWzLBw9qqB.jpeg','1',1,'Production Printers_2','2017-05-07 22:43:48','2017-05-07 22:43:48'),(4,'Consumables',2,'Toners, Developers, Drums','storage/categories/CvjmzIxIKOGCWFy7VX5a4Ae3KV5mHW9OfoQg3WhD.jpeg','1',1,'Consumables_2','2017-05-07 22:44:56','2017-05-07 22:44:56'),(5,'Options / Accessories',2,'Paper handling options (i.e. trays, bins, finishers, duplex units, etc), Connectivity (i.e. network cards, etc) etc','storage/categories/bMEx3aGOyTVW8gsLGbJ92ZClhztXfKy5vyB5VtK4.jpeg','1',1,'Options / Accessories_2','2017-05-07 22:45:28','2017-05-07 22:45:28'),(6,'Printers',1,'Monochrome / Colour Printers','storage/categories/L1PNykg3UQflj6vad2913oX8MvIC7nVoBmfVDyAz.png','1',1,'Printers_1','2017-05-07 22:45:55','2017-05-07 22:45:55'),(7,'Multi-function Printers',1,'Monochrome / Colour Multi-function Printers','storage/categories/o6YbRArc224bVo8LlcbMg8sFHtFDzOiQEh7AyLK2.jpeg','1',1,'Multi-function Printers_1','2017-05-07 22:46:27','2017-05-07 22:46:27'),(8,'Consumables',1,'Toners, Ink-cartridges, Ribbons, Imaging Units......','storage/categories/3a3fHECQjjBSkndQU5gdgXOojMgWiF7qfVuoAFJV.jpeg','1',1,'Consumables_1','2017-05-07 22:46:55','2017-05-07 22:46:55'),(9,'Options / Accessories',1,'Paper handling options (i.e. trays, bins, finishers, duplex units, etc), Connectivity (i.e. network cards, etc) etc','storage/categories/o0syjiJA10R8RRg9yO4o4dYuaAzt2Pf6eb73N2nF.png','1',1,'Options / Accessories_1','2017-05-07 22:47:41','2017-05-07 22:47:41'),(10,'Photocopiers',3,'Monochrome / Colour Copiers....','storage/categories/8eqCFNgjXV3jMglXdLtL833sMO34y4cBCZt8s7hl.jpeg','1',1,'Photocopiers_3','2017-05-07 22:49:43','2017-05-07 22:49:43'),(11,'Production Printers',3,'Monochrome / Colour ProductionPprinters','storage/categories/8raya3MeIXeWfcHLbEGh8xoN71r77HptF0wue2nE.jpeg','1',1,'Production Printers_3','2017-05-07 22:50:06','2017-05-07 22:50:06'),(12,'Consumables',3,'Toners, Developer, Drums, etc','storage/categories/twPwBcReceQ4O6QnTGrpwiiWQ8rYf7mJw1swMCS2.jpeg','1',1,'Consumables_3','2017-05-07 22:50:32','2017-05-07 22:50:32'),(13,'Options / Accessories',3,'Paper handling options (i.e. trays, bins, finishers, duplex units, etc), Connectivity (i.e. network cards, etc) etc','storage/categories/tD1QJYicV3peFjRTs0aGk5MQZSJnZ0dlEhuXjPaj.jpeg','1',1,'Options / Accessories_3','2017-05-07 22:50:58','2017-05-07 22:50:58'),(14,'Projectors',3,'Entry, Standard, Desk Edge, Short Throw, Ultra Short Throw, High End Projectors','storage/categories/B3ay6hffO84lOgT6ssKwHnig1tmJ0TBp2An1U5ci.jpeg','1',1,'Projectors_3','2017-05-07 22:51:21','2017-05-07 22:51:21'),(15,'Duplicators',3,'Digital Duplicators','storage/categories/1f4XrSf8ye5qcuIC6Vc3n6iNPJqt3ENMwSCvV5Jw.jpeg','1',1,'Duplicators_3','2017-05-07 22:52:25','2017-05-07 22:52:25'),(16,'Projectors',1,'test','storage/categories/tLtoS65CZc6aCQzwhjXlhAZraxPhW6k3HhIU4ZWI.jpeg','1',0,'Projectors_1','2017-05-19 01:13:58','2017-05-19 01:14:09'),(17,'Consumables',5,'Replacement / Re-manufactured Consumables / Supplies (Toner Cartridges)','storage/categories/DcfBnMPDkrrfl4DMiUC2ZFsP2GoEPxWwy8P2sEEQ.jpeg','1',1,'Consumables_5','2017-06-05 09:32:44','2017-06-05 09:32:44');
/*!40000 ALTER TABLE `categories` ENABLE KEYS */;
UNLOCK TABLES;

--
-- Table structure for table `client__products`
--

DROP TABLE IF EXISTS `client__products`;
/*!40101 SET @saved_cs_client     = @@character_set_client */;
/*!40101 SET character_set_client = utf8 */;
CREATE TABLE `client__products` (
  `id` int(10) unsigned NOT NULL AUTO_INCREMENT,
  `user_id` int(11) NOT NULL,
  `brand_id` int(11) NOT NULL,
  `c_category_id` int(11) NOT NULL,
  `clients_branch_id` int(11) NOT NULL,
  `product_id` int(11) NOT NULL,
  `special_price` decimal(11,2) NOT NULL,
  `remove` tinyint(1) NOT NULL DEFAULT '0',
  `created_at` timestamp NULL DEFAULT NULL,
  `updated_at` timestamp NULL DEFAULT NULL,
  PRIMARY KEY (`id`)
) ENGINE=InnoDB AUTO_INCREMENT=375 DEFAULT CHARSET=utf8mb4 COLLATE=utf8mb4_unicode_ci;
/*!40101 SET character_set_client = @saved_cs_client */;

--
-- Dumping data for table `client__products`
--

LOCK TABLES `client__products` WRITE;
/*!40000 ALTER TABLE `client__products` DISABLE KEYS */;
INSERT INTO `client__products` VALUES (1,1,2,2,1,1,8200.00,1,'2017-05-09 05:54:37','2017-05-09 05:55:23'),(2,1,2,2,1,5,27500.00,1,'2017-05-09 05:54:51','2017-05-09 05:55:23'),(3,1,2,2,1,7,6000.00,1,'2017-05-09 05:55:11','2017-05-09 05:55:23'),(4,1,3,3,1,1,8250.00,1,'2017-05-09 05:56:10','2017-05-09 05:57:26'),(5,1,4,4,1,10,65000.00,0,'2017-05-09 05:59:15','2017-05-09 05:59:15'),(6,1,4,4,1,11,6500.00,0,'2017-05-09 06:03:04','2017-07-12 16:40:05'),(7,1,4,4,1,12,26000.00,0,'2017-05-09 06:03:28','2017-05-09 06:03:28'),(8,1,4,4,1,1,7000.00,0,'2017-05-09 06:03:54','2017-07-23 16:01:13'),(9,1,5,5,2,6,9850.00,0,'2017-05-09 06:12:54','2017-05-09 06:12:54'),(10,1,5,5,2,7,4500.00,0,'2017-05-09 06:13:31','2017-05-09 06:13:31'),(11,1,5,5,2,1,6200.00,0,'2017-05-09 06:13:57','2017-05-09 06:13:57'),(12,1,5,5,2,5,15500.00,0,'2017-05-09 06:14:27','2017-05-09 06:14:27'),(13,1,6,6,3,6,10120.00,0,'2017-05-09 06:19:09','2017-05-09 06:19:09'),(14,1,6,6,3,7,3800.00,0,'2017-05-09 06:19:35','2017-05-09 06:19:35'),(15,1,6,6,3,5,15000.00,0,'2017-05-09 06:20:09','2017-05-09 06:20:09'),(16,1,6,6,3,8,1950.00,0,'2017-05-09 06:20:30','2017-05-09 06:20:30'),(17,1,6,6,3,1,6200.00,0,'2017-05-09 06:20:50','2017-05-09 06:20:50'),(18,1,7,7,4,8,1800.00,0,'2017-05-09 06:26:31','2017-05-09 06:26:31'),(19,1,7,7,4,5,16500.00,0,'2017-05-09 06:26:50','2017-05-09 06:26:50'),(20,1,7,7,4,1,7000.00,0,'2017-05-09 06:27:10','2017-05-09 06:27:10'),(21,1,8,8,4,13,1950.00,0,'2017-05-09 06:27:23','2017-05-09 06:27:23'),(22,1,9,9,5,5,13750.00,1,'2017-05-09 06:36:41','2017-05-12 00:50:58'),(23,1,9,9,5,1,6200.00,1,'2017-05-09 06:36:59','2017-05-12 00:50:58'),(24,1,9,9,5,7,4500.00,1,'2017-05-09 06:37:25','2017-05-12 00:50:58'),(25,1,9,9,5,6,10450.00,1,'2017-05-09 06:52:41','2017-05-12 00:50:58'),(26,1,10,10,6,8,1850.00,0,'2017-05-09 06:58:52','2017-05-09 06:58:52'),(27,1,10,10,6,9,5500.00,0,'2017-05-09 06:59:09','2017-05-09 06:59:09'),(28,1,11,11,7,5,17000.00,0,'2017-05-09 07:08:07','2017-05-09 07:08:07'),(29,1,13,13,8,5,16500.00,0,'2017-05-09 07:20:57','2017-05-09 07:20:57'),(30,1,13,13,8,6,13500.00,0,'2017-05-09 07:21:15','2017-05-09 07:21:15'),(31,1,14,14,8,18,13500.00,0,'2017-05-09 07:21:44','2017-05-09 07:21:44'),(32,1,14,14,8,19,13500.00,0,'2017-05-09 07:22:03','2017-05-09 07:22:03'),(33,1,14,14,8,21,27000.00,0,'2017-05-09 07:22:37','2017-05-09 07:22:37'),(34,1,14,14,8,22,27000.00,0,'2017-05-09 07:22:55','2017-05-09 07:22:55'),(35,1,14,14,8,23,27000.00,0,'2017-05-09 07:23:08','2017-05-09 07:23:08'),(36,1,14,14,8,20,24000.00,0,'2017-05-10 05:33:35','2017-05-10 05:33:35'),(37,1,12,12,7,25,19000.00,0,'2017-05-11 21:58:21','2017-05-11 21:58:21'),(38,1,15,15,10,14,90000.00,0,'2017-05-12 01:53:56','2017-05-12 01:53:56'),(39,1,16,17,10,13,3000.00,0,'2017-05-12 01:54:13','2017-05-12 01:54:13'),(40,1,17,18,10,19,10000.00,0,'2017-05-12 01:54:31','2017-05-12 01:54:31'),(41,1,18,16,10,9,7000.00,0,'2017-05-12 01:54:49','2017-05-12 01:54:49'),(42,1,18,16,10,6,15000.00,0,'2017-05-12 01:55:07','2017-05-12 01:55:07'),(43,1,18,16,10,12,50000.00,0,'2017-05-12 01:55:25','2017-05-12 01:55:25'),(44,11,19,19,13,26,7000.00,0,'2017-06-05 09:44:06','2017-06-05 09:44:06'),(45,1,21,21,13,27,7000.00,0,'2017-06-06 03:53:23','2017-06-06 03:53:23'),(46,1,19,19,13,28,8500.00,0,'2017-06-06 03:54:04','2017-06-06 03:54:04'),(47,1,19,19,13,29,8500.00,0,'2017-06-06 03:54:30','2017-06-06 03:54:30'),(48,1,19,19,13,30,7000.00,0,'2017-06-06 03:55:23','2017-06-06 03:55:23'),(49,1,19,19,13,31,7500.00,0,'2017-06-06 03:55:50','2017-06-06 03:55:50'),(50,1,20,20,13,8,1950.00,0,'2017-06-06 03:56:13','2017-06-06 03:56:13'),(51,1,20,20,13,6,10500.00,0,'2017-06-06 03:56:41','2017-06-06 03:56:41'),(52,1,20,20,13,7,6500.00,0,'2017-06-06 03:57:18','2017-06-06 03:57:18'),(53,1,20,20,13,5,15850.00,0,'2017-06-06 03:58:09','2017-06-06 03:58:09'),(54,1,20,20,13,1,7000.00,0,'2017-06-06 03:58:30','2017-06-06 03:58:30'),(55,1,22,22,14,6,9450.00,0,'2017-06-07 06:58:37','2017-06-07 06:58:37'),(56,1,22,22,14,7,3800.00,0,'2017-06-07 06:59:14','2017-06-07 06:59:14'),(57,1,22,22,14,5,14900.00,0,'2017-06-07 06:59:37','2017-07-23 16:02:26'),(58,1,22,22,14,1,7000.00,0,'2017-06-07 07:00:04','2017-06-07 07:00:04'),(59,1,22,22,14,33,14500.00,0,'2017-06-07 07:00:44','2017-06-07 07:00:44'),(60,1,22,22,14,34,15500.00,0,'2017-06-07 07:01:10','2017-06-07 07:01:10'),(61,1,22,22,14,35,15500.00,0,'2017-06-07 07:01:27','2017-06-07 07:01:27'),(62,1,22,22,14,36,15500.00,0,'2017-06-07 07:01:40','2017-06-07 07:01:40'),(63,11,23,23,15,37,13500.00,0,'2017-06-23 23:47:15','2017-06-23 23:47:15'),(64,11,23,23,15,38,8000.00,0,'2017-06-23 23:55:35','2017-06-23 23:55:35'),(65,11,23,23,15,39,47500.00,0,'2017-06-23 23:56:10','2017-06-23 23:56:10'),(66,11,23,23,15,6,12250.00,0,'2017-06-23 23:57:44','2017-06-23 23:57:44'),(67,11,23,23,15,7,4500.00,0,'2017-06-23 23:58:18','2017-06-23 23:58:18'),(68,11,23,23,15,42,25000.00,0,'2017-06-23 23:58:58','2017-06-23 23:58:58'),(69,11,23,23,15,43,48000.00,0,'2017-06-23 23:59:34','2017-06-23 23:59:34'),(70,11,23,23,15,44,25500.00,0,'2017-06-24 00:00:19','2017-06-24 00:00:19'),(71,11,23,23,15,8,1700.00,0,'2017-06-24 00:00:54','2017-06-24 00:00:54'),(72,11,23,23,15,45,30000.00,0,'2017-06-24 00:01:33','2017-06-24 00:01:33'),(73,11,23,23,15,46,30000.00,0,'2017-06-24 00:02:10','2017-06-24 00:02:10'),(74,11,23,23,15,47,3000.00,0,'2017-06-24 00:02:49','2017-06-24 00:02:49'),(75,11,23,23,15,48,30000.00,0,'2017-06-24 00:04:30','2017-06-24 00:04:30'),(76,11,23,23,15,49,24000.00,0,'2017-06-24 00:05:07','2017-06-24 00:05:07'),(77,11,23,23,15,50,26500.00,0,'2017-06-24 00:06:21','2017-06-24 00:06:21'),(78,11,23,23,15,51,36500.00,0,'2017-06-24 00:06:51','2017-06-24 00:06:51'),(79,11,23,23,15,52,23500.00,0,'2017-06-24 00:07:33','2017-06-24 00:07:33'),(80,11,23,23,15,53,21500.00,0,'2017-06-24 00:08:13','2017-06-24 00:08:13'),(81,11,23,23,15,5,17000.00,0,'2017-06-24 00:08:47','2017-06-24 00:08:47'),(82,11,23,23,15,1,8250.00,0,'2017-06-24 00:09:34','2017-06-24 00:09:34'),(83,11,23,23,15,10,69000.00,0,'2017-06-24 00:14:59','2017-06-24 00:14:59'),(84,11,23,23,15,11,8500.00,0,'2017-06-24 00:15:28','2017-06-24 00:15:28'),(85,11,23,23,15,12,23500.00,0,'2017-06-24 00:16:03','2017-06-24 00:16:03'),(86,11,23,23,15,33,14500.00,0,'2017-06-24 00:16:46','2017-06-24 00:16:46'),(87,11,23,23,15,36,15500.00,0,'2017-06-24 00:18:11','2017-06-24 00:18:11'),(88,11,23,23,15,34,15500.00,0,'2017-06-24 00:19:52','2017-06-24 00:19:52'),(89,11,23,23,15,35,15500.00,0,'2017-06-24 00:20:22','2017-06-24 00:20:22'),(90,11,23,23,15,54,36000.00,0,'2017-06-24 00:21:06','2017-06-24 00:21:06'),(91,11,23,23,15,55,29000.00,0,'2017-06-24 00:21:34','2017-06-24 00:21:34'),(92,11,24,24,16,37,13500.00,0,'2017-06-24 00:27:53','2017-06-24 00:27:53'),(93,11,24,24,16,38,8000.00,0,'2017-06-24 00:28:27','2017-06-24 00:28:27'),(94,11,24,24,16,39,47500.00,0,'2017-06-24 00:33:50','2017-06-24 00:33:50'),(95,11,24,24,16,6,12250.00,0,'2017-06-24 00:35:38','2017-06-24 00:35:38'),(96,11,24,24,16,7,4500.00,0,'2017-06-24 00:36:10','2017-06-24 00:36:10'),(97,11,24,24,16,42,25000.00,0,'2017-06-24 00:36:53','2017-06-24 00:36:53'),(98,11,24,24,16,43,48000.00,0,'2017-06-24 00:38:26','2017-06-24 00:38:26'),(99,11,24,24,16,44,25500.00,0,'2017-06-24 00:39:45','2017-06-24 00:39:45'),(100,11,24,24,16,8,1700.00,0,'2017-06-24 00:40:14','2017-06-24 00:40:14'),(101,11,24,24,16,45,30000.00,0,'2017-06-24 00:40:54','2017-06-24 00:40:54'),(102,11,24,24,16,46,30000.00,0,'2017-06-24 00:41:18','2017-06-24 00:41:18'),(103,11,24,24,16,47,30000.00,0,'2017-06-24 00:42:04','2017-06-24 00:42:04'),(104,11,24,24,16,48,30000.00,0,'2017-06-24 00:42:37','2017-06-24 00:42:37'),(105,11,24,24,16,49,24000.00,0,'2017-06-24 00:44:34','2017-06-24 00:44:34'),(106,11,24,24,16,50,26500.00,0,'2017-06-24 00:46:45','2017-06-24 00:46:45'),(107,11,24,24,16,12,36500.00,0,'2017-06-24 00:47:40','2017-06-24 00:47:40'),(108,11,24,24,16,52,23500.00,0,'2017-06-24 00:49:12','2017-06-24 00:49:12'),(109,11,24,24,16,53,21500.00,0,'2017-06-24 00:52:36','2017-06-24 00:52:36'),(110,11,24,24,16,5,17000.00,0,'2017-06-24 00:53:09','2017-06-24 00:53:09'),(111,11,24,24,16,1,8250.00,0,'2017-06-24 00:53:35','2017-06-24 00:53:35'),(112,11,24,24,16,10,69000.00,0,'2017-06-24 00:54:09','2017-06-24 00:54:09'),(113,11,24,24,16,11,8500.00,0,'2017-06-24 00:54:44','2017-06-24 00:54:44'),(114,11,24,24,16,33,14500.00,0,'2017-06-24 00:56:33','2017-06-24 00:56:33'),(115,11,24,24,16,36,15500.00,0,'2017-06-24 00:57:05','2017-06-24 00:57:05'),(116,11,24,24,16,34,15500.00,0,'2017-06-24 00:57:33','2017-06-24 00:57:33'),(117,11,24,24,16,35,15500.00,0,'2017-06-24 00:57:59','2017-06-24 00:57:59'),(118,11,24,24,16,54,36000.00,0,'2017-06-24 00:58:32','2017-06-24 00:58:32'),(119,11,24,24,16,55,29000.00,0,'2017-06-24 00:59:19','2017-06-24 00:59:19'),(120,1,28,28,20,37,13500.00,0,'2017-06-24 01:30:36','2017-06-24 01:30:36'),(121,11,25,25,17,37,13500.00,0,'2017-06-25 22:01:58','2017-06-25 22:01:58'),(122,11,25,25,17,38,8000.00,0,'2017-06-25 22:02:31','2017-06-25 22:02:31'),(123,11,25,25,17,39,47500.00,0,'2017-06-25 22:03:32','2017-06-25 22:03:32'),(124,11,25,25,17,6,12250.00,0,'2017-06-25 22:07:11','2017-06-25 22:07:11'),(125,11,25,25,17,7,4500.00,0,'2017-06-25 22:07:44','2017-06-25 22:07:44'),(126,11,25,25,17,42,25000.00,0,'2017-06-25 22:08:48','2017-06-25 22:08:48'),(127,11,25,25,17,43,48000.00,0,'2017-06-25 22:09:40','2017-06-25 22:09:40'),(128,11,25,25,17,44,25500.00,0,'2017-06-25 22:10:27','2017-06-25 22:10:27'),(129,11,25,25,17,8,1700.00,0,'2017-06-25 22:11:31','2017-06-25 22:11:31'),(130,11,25,25,17,45,30000.00,0,'2017-06-25 22:12:20','2017-06-25 22:12:20'),(131,11,25,25,17,46,30000.00,0,'2017-06-25 22:13:01','2017-06-25 22:13:01'),(132,11,25,25,17,47,30000.00,0,'2017-06-25 22:14:57','2017-06-25 22:14:57'),(133,11,25,25,17,48,30000.00,0,'2017-06-25 22:16:29','2017-06-25 22:16:29'),(134,11,25,25,17,49,24000.00,0,'2017-06-25 22:18:44','2017-06-25 22:18:44'),(135,11,25,25,17,50,26500.00,0,'2017-06-25 22:21:58','2017-06-25 22:21:58'),(136,11,25,25,17,51,36500.00,0,'2017-06-25 22:22:52','2017-06-25 22:22:52'),(137,11,25,25,17,52,23500.00,0,'2017-06-25 22:26:21','2017-06-25 22:26:21'),(138,11,25,25,17,53,21500.00,0,'2017-06-25 22:27:22','2017-06-25 22:27:22'),(139,11,25,25,17,5,17000.00,0,'2017-06-25 22:32:36','2017-06-25 22:32:36'),(140,11,25,25,17,1,8250.00,0,'2017-06-25 22:33:18','2017-06-25 22:33:18'),(141,11,25,25,17,10,69000.00,0,'2017-06-25 22:34:12','2017-06-25 22:34:12'),(142,11,25,25,17,11,8500.00,0,'2017-06-25 22:35:03','2017-06-25 22:35:03'),(143,11,25,25,17,12,23500.00,0,'2017-06-25 22:35:41','2017-06-25 22:35:41'),(144,11,25,25,17,33,14500.00,0,'2017-06-25 22:38:40','2017-06-25 22:38:40'),(145,11,25,25,17,34,15500.00,0,'2017-06-25 22:39:16','2017-06-25 22:39:16'),(146,11,25,25,17,35,15500.00,0,'2017-06-25 22:40:29','2017-06-25 22:40:29'),(147,11,25,25,17,36,15500.00,0,'2017-06-25 22:41:25','2017-06-25 22:41:25'),(148,11,25,25,17,54,36000.00,0,'2017-06-25 22:43:42','2017-06-25 22:43:42'),(149,11,25,25,17,55,29000.00,0,'2017-06-25 22:44:15','2017-06-25 22:44:15'),(150,11,26,26,18,37,13500.00,0,'2017-06-25 22:57:57','2017-06-25 22:57:57'),(151,11,26,26,18,39,47500.00,0,'2017-06-25 23:06:12','2017-06-25 23:06:12'),(152,11,26,26,18,6,12250.00,0,'2017-06-25 23:06:52','2017-06-25 23:06:52'),(153,11,26,26,18,7,4500.00,0,'2017-06-25 23:09:28','2017-06-25 23:09:28'),(154,11,26,26,18,42,25000.00,0,'2017-06-25 23:11:09','2017-06-25 23:11:09'),(155,11,26,26,18,43,48000.00,0,'2017-06-25 23:11:49','2017-06-25 23:11:49'),(156,30,33,33,25,37,13500.00,0,'2017-06-25 23:23:00','2017-06-25 23:23:00'),(157,30,33,33,25,38,8000.00,0,'2017-06-25 23:23:56','2017-06-25 23:23:56'),(158,11,26,26,18,44,25500.00,0,'2017-06-25 23:38:05','2017-06-25 23:38:05'),(159,30,33,33,25,39,47500.00,0,'2017-06-25 23:43:42','2017-06-25 23:43:42'),(160,30,33,33,25,6,12250.00,0,'2017-06-25 23:45:08','2017-06-25 23:45:08'),(161,30,33,33,25,7,4500.00,0,'2017-06-25 23:45:49','2017-06-25 23:45:49'),(162,30,33,33,25,42,25000.00,0,'2017-06-25 23:46:37','2017-06-25 23:46:37'),(163,30,33,33,25,43,48000.00,0,'2017-06-25 23:47:43','2017-06-25 23:47:43'),(164,30,33,33,25,44,25500.00,0,'2017-06-25 23:48:49','2017-06-25 23:48:49'),(165,30,33,33,25,8,1700.00,0,'2017-06-25 23:49:20','2017-06-25 23:49:20'),(166,30,33,33,25,45,30000.00,0,'2017-06-25 23:50:34','2017-06-25 23:50:34'),(167,30,33,33,25,46,30000.00,0,'2017-06-25 23:54:15','2017-06-25 23:54:15'),(168,30,33,33,25,47,30000.00,0,'2017-06-25 23:55:26','2017-06-25 23:55:26'),(169,30,33,33,25,48,30000.00,0,'2017-06-25 23:56:12','2017-06-25 23:56:12'),(170,30,33,33,25,49,24000.00,0,'2017-06-25 23:57:04','2017-06-25 23:57:04'),(171,30,33,33,25,50,26500.00,0,'2017-06-25 23:58:20','2017-06-25 23:58:20'),(172,30,33,33,25,51,36500.00,0,'2017-06-26 00:01:30','2017-06-26 00:01:30'),(173,30,33,33,25,52,23500.00,0,'2017-06-26 00:03:59','2017-06-26 00:03:59'),(174,30,33,33,25,53,21500.00,0,'2017-06-26 00:05:12','2017-06-26 00:05:12'),(175,30,33,33,25,5,17000.00,0,'2017-06-26 00:05:46','2017-06-26 00:05:46'),(176,30,33,33,25,10,69000.00,0,'2017-06-26 00:08:29','2017-06-26 00:08:29'),(177,30,33,33,25,11,8500.00,0,'2017-06-26 00:09:01','2017-06-26 00:09:01'),(178,30,33,33,25,12,23500.00,0,'2017-06-26 00:09:33','2017-06-26 00:09:33'),(179,30,33,33,25,33,14500.00,0,'2017-06-26 00:11:59','2017-06-26 00:11:59'),(180,30,33,33,25,36,15500.00,0,'2017-06-26 00:14:28','2017-06-26 00:14:28'),(181,30,33,33,25,34,15500.00,0,'2017-06-26 00:14:53','2017-06-26 00:14:53'),(182,30,33,33,25,35,15500.00,0,'2017-06-26 00:15:23','2017-06-26 00:15:23'),(183,30,33,33,25,54,36000.00,0,'2017-06-26 00:16:47','2017-06-26 00:16:47'),(184,30,33,33,25,55,29000.00,0,'2017-06-26 00:20:57','2017-06-26 00:20:57'),(185,30,32,32,24,37,13500.00,0,'2017-06-26 00:22:14','2017-06-26 00:22:14'),(186,30,32,32,24,38,8000.00,0,'2017-06-26 00:22:47','2017-06-26 00:22:47'),(187,30,32,32,24,39,47500.00,0,'2017-06-26 00:23:17','2017-06-26 00:23:17'),(188,30,32,32,24,6,12250.00,0,'2017-06-26 00:23:40','2017-06-26 00:23:40'),(189,30,32,32,24,7,4500.00,0,'2017-06-26 00:24:03','2017-06-26 00:24:03'),(190,30,32,32,24,42,25000.00,0,'2017-06-26 00:24:34','2017-06-26 00:24:34'),(191,30,32,32,24,43,48000.00,0,'2017-06-26 00:25:07','2017-06-26 00:25:07'),(192,30,32,32,24,44,25500.00,0,'2017-06-26 00:26:04','2017-06-26 00:26:04'),(193,30,32,32,24,8,1700.00,0,'2017-06-26 00:26:41','2017-06-26 00:26:41'),(194,30,32,32,24,45,30000.00,0,'2017-06-26 00:27:23','2017-06-26 00:27:23'),(195,30,32,32,24,46,30000.00,0,'2017-06-26 00:28:21','2017-06-26 00:28:21'),(196,30,32,32,24,47,30000.00,0,'2017-06-26 00:29:00','2017-06-26 00:29:00'),(197,11,26,26,18,8,1700.00,0,'2017-06-26 00:29:17','2017-06-26 00:29:17'),(198,30,32,32,24,48,30000.00,0,'2017-06-26 00:29:33','2017-06-26 00:29:33'),(199,11,26,26,18,45,30000.00,0,'2017-06-26 00:29:54','2017-06-26 00:29:54'),(200,30,32,32,24,49,24000.00,0,'2017-06-26 00:30:01','2017-06-26 00:30:01'),(201,11,26,26,18,46,30000.00,0,'2017-06-26 00:30:11','2017-06-26 00:30:11'),(202,30,32,32,24,50,26500.00,0,'2017-06-26 00:30:28','2017-06-26 00:30:28'),(203,11,26,26,18,47,30000.00,0,'2017-06-26 00:30:34','2017-06-26 00:30:34'),(204,11,26,26,18,48,30000.00,0,'2017-06-26 00:30:51','2017-06-26 00:30:51'),(205,30,32,32,24,52,23500.00,0,'2017-06-26 00:31:21','2017-06-26 00:31:21'),(206,11,26,26,18,49,24000.00,0,'2017-06-26 00:31:34','2017-06-26 00:31:34'),(207,11,26,26,18,50,26500.00,0,'2017-06-26 00:32:15','2017-06-26 00:32:15'),(208,30,32,32,24,5,17000.00,0,'2017-06-26 00:32:35','2017-06-26 00:32:35'),(209,30,32,32,24,1,8250.00,0,'2017-06-26 00:33:29','2017-06-26 00:33:29'),(210,30,32,32,24,10,69000.00,0,'2017-06-26 00:34:43','2017-06-26 00:34:43'),(211,30,32,32,24,11,8500.00,0,'2017-06-26 00:35:46','2017-06-26 00:35:46'),(212,30,32,32,24,12,23500.00,0,'2017-06-26 00:37:24','2017-06-26 00:37:24'),(213,30,32,32,24,33,14500.00,0,'2017-06-26 00:41:29','2017-06-26 00:41:29'),(214,30,32,32,24,36,15500.00,0,'2017-06-26 00:42:00','2017-06-26 00:42:00'),(215,30,32,32,24,34,15500.00,0,'2017-06-26 00:43:08','2017-06-26 00:43:08'),(216,30,32,32,24,35,15500.00,0,'2017-06-26 00:44:24','2017-06-26 00:44:24'),(217,30,32,32,24,54,36000.00,0,'2017-06-26 00:44:51','2017-06-26 00:44:51'),(218,11,26,26,18,51,36500.00,0,'2017-06-26 00:45:09','2017-06-26 00:45:09'),(219,30,32,32,24,55,29000.00,0,'2017-06-26 00:45:29','2017-06-26 00:45:29'),(220,11,26,26,18,52,23500.00,0,'2017-06-26 00:45:36','2017-06-26 00:45:36'),(221,11,26,26,18,53,21500.00,0,'2017-06-26 00:46:04','2017-06-26 00:46:04'),(222,30,33,33,25,1,8250.00,0,'2017-06-26 00:46:27','2017-06-26 00:46:27'),(223,11,26,26,18,5,17000.00,0,'2017-06-26 00:46:44','2017-06-26 00:46:44'),(224,30,31,31,23,37,13500.00,0,'2017-06-26 00:47:15','2017-06-26 00:47:15'),(225,30,31,31,23,38,8000.00,0,'2017-06-26 00:47:45','2017-06-26 00:47:45'),(226,11,26,26,18,1,8250.00,0,'2017-06-26 00:48:21','2017-06-26 00:48:21'),(227,30,31,31,23,39,47500.00,0,'2017-06-26 00:48:23','2017-06-26 00:48:23'),(228,11,26,26,18,10,69000.00,0,'2017-06-26 00:48:56','2017-06-26 00:48:56'),(229,11,26,26,18,11,8500.00,0,'2017-06-26 00:49:16','2017-06-26 00:49:16'),(230,11,26,26,18,12,23500.00,0,'2017-06-26 00:49:39','2017-06-26 00:49:39'),(231,30,31,31,23,6,12250.00,0,'2017-06-26 00:49:55','2017-06-26 00:49:55'),(232,30,31,31,23,7,4500.00,0,'2017-06-26 00:50:22','2017-06-26 00:50:22'),(233,11,26,26,18,33,14500.00,0,'2017-06-26 00:50:31','2017-06-26 00:50:31'),(234,11,26,26,18,34,15500.00,0,'2017-06-26 00:50:51','2017-06-26 00:50:51'),(235,30,31,31,23,42,25000.00,0,'2017-06-26 00:51:09','2017-06-26 00:51:09'),(236,11,26,26,18,35,15500.00,0,'2017-06-26 00:51:10','2017-06-26 00:51:10'),(237,11,26,26,18,36,15500.00,0,'2017-06-26 00:51:28','2017-06-26 00:51:28'),(238,30,31,31,23,43,48000.00,0,'2017-06-26 00:51:51','2017-06-26 00:51:51'),(239,11,26,26,18,54,36000.00,0,'2017-06-26 00:51:53','2017-06-26 00:51:53'),(240,11,26,26,18,55,29000.00,0,'2017-06-26 00:52:14','2017-06-26 00:52:14'),(241,30,31,31,23,44,25500.00,0,'2017-06-26 00:52:40','2017-06-26 00:52:40'),(242,30,31,31,23,8,1700.00,0,'2017-06-26 00:53:07','2017-06-26 00:53:07'),(243,30,31,31,23,45,30000.00,0,'2017-06-26 00:53:30','2017-06-26 00:53:30'),(244,11,27,27,19,37,13500.00,0,'2017-06-26 00:53:32','2017-06-26 00:53:32'),(245,11,27,27,19,38,8000.00,0,'2017-06-26 00:53:58','2017-06-26 00:53:58'),(246,11,27,27,19,39,47500.00,0,'2017-06-26 00:54:30','2017-06-26 00:54:30'),(247,30,31,31,23,46,30000.00,0,'2017-06-26 00:55:35','2017-06-26 00:55:35'),(248,11,27,27,19,6,12500.00,0,'2017-06-26 00:55:45','2017-06-26 00:55:45'),(249,11,27,27,19,7,4500.00,0,'2017-06-26 00:56:10','2017-06-26 00:56:10'),(250,30,31,31,23,47,30000.00,0,'2017-06-26 00:56:32','2017-06-26 00:56:32'),(251,11,27,27,19,42,25000.00,0,'2017-06-26 00:56:50','2017-06-26 00:56:50'),(252,30,31,31,23,48,30000.00,0,'2017-06-26 00:57:06','2017-06-26 00:57:06'),(253,11,27,27,19,43,48000.00,0,'2017-06-26 00:57:28','2017-06-26 00:57:28'),(254,30,31,31,23,49,24000.00,0,'2017-06-26 00:57:44','2017-06-26 00:57:44'),(255,11,27,27,19,44,25500.00,0,'2017-06-26 00:58:21','2017-06-26 00:58:21'),(256,11,27,27,19,8,1700.00,0,'2017-06-26 00:58:47','2017-06-26 00:58:47'),(257,11,27,27,19,45,30000.00,0,'2017-06-26 00:59:25','2017-06-26 00:59:25'),(258,11,27,27,19,46,30000.00,0,'2017-06-26 00:59:44','2017-06-26 00:59:44'),(259,30,31,31,23,50,26500.00,0,'2017-06-26 01:00:08','2017-06-26 01:00:08'),(260,11,27,27,19,47,30000.00,0,'2017-06-26 01:00:12','2017-06-26 01:00:12'),(261,30,31,31,23,51,36500.00,0,'2017-06-26 01:01:03','2017-06-26 01:01:03'),(262,30,31,31,23,53,21500.00,0,'2017-06-26 01:01:45','2017-06-26 01:01:45'),(263,11,27,27,19,48,30000.00,0,'2017-06-26 01:01:57','2017-06-26 01:01:57'),(264,30,31,31,23,5,17000.00,0,'2017-06-26 01:02:07','2017-06-26 01:02:07'),(265,11,27,27,19,49,24000.00,0,'2017-06-26 01:02:26','2017-06-26 01:02:26'),(266,30,31,31,23,1,8250.00,0,'2017-06-26 01:02:27','2017-06-26 01:02:27'),(267,30,31,31,23,10,69000.00,0,'2017-06-26 01:02:54','2017-06-26 01:02:54'),(268,11,27,27,19,50,26500.00,0,'2017-06-26 01:03:02','2017-06-26 01:03:02'),(269,30,31,31,23,11,8500.00,0,'2017-06-26 01:03:15','2017-06-26 01:03:15'),(270,11,27,27,19,51,36500.00,0,'2017-06-26 01:03:35','2017-06-26 01:03:35'),(271,30,31,31,23,12,23500.00,0,'2017-06-26 01:04:00','2017-06-26 01:04:00'),(272,11,27,27,19,52,23500.00,0,'2017-06-26 01:04:03','2017-06-26 01:04:03'),(273,11,27,27,19,53,21500.00,0,'2017-06-26 01:04:29','2017-06-26 01:04:29'),(274,30,31,31,23,33,14500.00,0,'2017-06-26 01:04:29','2017-06-26 01:04:29'),(275,30,31,31,23,36,15500.00,0,'2017-06-26 01:04:56','2017-06-26 01:04:56'),(276,11,27,27,19,5,17000.00,0,'2017-06-26 01:05:01','2017-06-26 01:05:01'),(277,30,31,31,23,34,15500.00,0,'2017-06-26 01:05:37','2017-06-26 01:05:37'),(278,11,27,27,19,1,8250.00,0,'2017-06-26 01:05:38','2017-06-26 01:05:38'),(279,30,31,31,23,35,15500.00,0,'2017-06-26 01:06:03','2017-06-26 01:06:03'),(280,11,27,27,19,10,69000.00,0,'2017-06-26 01:06:13','2017-06-26 01:06:13'),(281,30,31,31,23,54,36000.00,0,'2017-06-26 01:06:34','2017-06-26 01:06:34'),(282,11,27,27,19,11,8500.00,0,'2017-06-26 01:06:49','2017-06-26 01:06:49'),(283,30,31,31,23,55,29000.00,0,'2017-06-26 01:07:00','2017-06-26 01:07:00'),(284,11,27,27,19,12,23500.00,0,'2017-06-26 01:07:25','2017-06-26 01:07:25'),(285,11,27,27,19,33,14500.00,0,'2017-06-26 01:08:09','2017-06-26 01:08:09'),(286,11,27,27,19,34,15500.00,0,'2017-06-26 01:08:35','2017-06-26 01:08:35'),(287,30,30,30,22,55,29000.00,0,'2017-06-26 01:08:36','2017-06-26 01:08:36'),(288,11,27,27,19,35,15500.00,0,'2017-06-26 01:08:57','2017-06-26 01:08:57'),(289,30,30,30,22,54,36000.00,0,'2017-06-26 01:08:57','2017-06-26 01:08:57'),(290,11,27,27,19,36,15500.00,0,'2017-06-26 01:09:22','2017-06-26 01:09:22'),(291,11,27,27,19,54,36000.00,0,'2017-06-26 01:09:46','2017-06-26 01:09:46'),(292,30,30,30,22,35,15500.00,0,'2017-06-26 01:09:48','2017-06-26 01:09:48'),(293,11,27,27,19,55,29000.00,0,'2017-06-26 01:10:11','2017-06-26 01:10:11'),(294,30,30,30,22,34,15500.00,0,'2017-06-26 01:10:33','2017-06-26 01:10:33'),(295,30,30,30,22,36,15500.00,0,'2017-06-26 01:10:58','2017-06-26 01:10:58'),(296,30,30,30,22,33,14500.00,0,'2017-06-26 01:11:24','2017-06-26 01:11:24'),(297,30,30,30,22,12,23500.00,0,'2017-06-26 01:11:49','2017-06-26 01:11:49'),(298,30,30,30,22,11,8500.00,0,'2017-06-26 01:12:06','2017-06-26 01:12:06'),(299,30,30,30,22,10,69000.00,0,'2017-06-26 01:12:50','2017-06-26 01:12:50'),(300,30,30,30,22,1,8250.00,0,'2017-06-26 01:13:25','2017-06-26 01:13:25'),(301,30,30,30,22,5,17000.00,0,'2017-06-26 01:13:53','2017-06-26 01:13:53'),(302,30,30,30,22,53,21500.00,0,'2017-06-26 01:15:36','2017-06-26 01:15:36'),(303,30,30,30,22,52,23500.00,0,'2017-06-26 01:16:16','2017-06-26 01:16:16'),(304,30,30,30,22,51,36500.00,0,'2017-06-26 01:16:40','2017-06-26 01:16:40'),(305,30,30,30,22,49,24000.00,0,'2017-06-26 01:17:52','2017-06-26 01:17:52'),(306,30,30,30,22,48,30000.00,0,'2017-06-26 01:18:35','2017-06-26 01:18:35'),(307,30,30,30,22,47,30000.00,0,'2017-06-26 01:19:19','2017-06-26 01:19:19'),(308,30,30,30,22,46,30000.00,0,'2017-06-26 01:19:49','2017-06-26 01:19:49'),(309,30,30,30,22,45,30000.00,0,'2017-06-26 01:20:19','2017-06-26 01:20:19'),(310,30,30,30,22,8,1700.00,0,'2017-06-26 01:20:36','2017-06-26 01:20:36'),(311,30,30,30,22,44,25500.00,0,'2017-06-26 01:21:03','2017-06-26 01:21:03'),(312,30,30,30,22,43,48000.00,0,'2017-06-26 01:21:24','2017-06-26 01:21:24'),(313,30,30,30,22,42,25000.00,0,'2017-06-26 01:21:47','2017-06-26 01:21:47'),(314,30,30,30,22,7,4500.00,0,'2017-06-26 01:22:23','2017-06-26 01:22:23'),(315,30,30,30,22,6,12250.00,0,'2017-06-26 01:22:46','2017-06-26 01:22:46'),(316,30,30,30,22,39,47500.00,0,'2017-06-26 01:23:23','2017-06-26 01:23:23'),(317,30,30,30,22,38,8000.00,0,'2017-06-26 01:23:49','2017-06-26 01:23:49'),(318,30,30,30,22,37,13500.00,0,'2017-06-26 01:24:06','2017-06-26 01:24:06'),(319,30,29,29,21,37,13500.00,0,'2017-06-26 01:25:07','2017-06-26 01:25:07'),(320,30,29,29,21,38,8000.00,0,'2017-06-26 01:25:45','2017-06-26 01:25:45'),(321,30,29,29,21,39,47500.00,0,'2017-06-26 01:26:01','2017-06-26 01:26:01'),(322,30,29,29,21,6,12250.00,0,'2017-06-26 01:26:25','2017-06-26 01:26:25'),(323,30,29,29,21,7,4500.00,0,'2017-06-26 01:26:43','2017-06-26 01:26:43'),(324,30,29,29,21,42,25000.00,0,'2017-06-26 01:27:12','2017-06-26 01:27:12'),(325,30,29,29,21,43,48000.00,0,'2017-06-26 01:27:27','2017-06-26 01:27:27'),(326,30,29,29,21,44,25500.00,0,'2017-06-26 01:28:03','2017-06-26 01:28:03'),(327,30,29,29,21,8,1700.00,0,'2017-06-26 01:28:32','2017-06-26 01:28:32'),(328,30,29,29,21,45,30000.00,0,'2017-06-26 01:28:54','2017-06-26 01:28:54'),(329,30,29,29,21,46,30000.00,0,'2017-06-26 01:29:18','2017-06-26 01:29:18'),(330,30,29,29,21,47,30000.00,0,'2017-06-26 01:29:48','2017-06-26 01:29:48'),(331,30,29,29,21,48,30000.00,0,'2017-06-26 01:30:09','2017-06-26 01:30:09'),(332,30,29,29,21,49,24000.00,0,'2017-06-26 01:30:33','2017-06-26 01:30:33'),(333,11,28,28,20,55,29000.00,0,'2017-06-26 01:30:56','2017-06-26 01:30:56'),(334,30,29,29,21,50,26500.00,0,'2017-06-26 01:31:07','2017-06-26 01:31:07'),(335,11,28,28,20,54,36000.00,0,'2017-06-26 01:31:23','2017-06-26 01:31:23'),(336,30,29,29,21,51,36500.00,0,'2017-06-26 01:31:44','2017-06-26 01:31:44'),(337,11,28,28,20,33,14500.00,0,'2017-06-26 01:39:27','2017-06-26 01:39:27'),(338,11,28,28,20,34,15500.00,0,'2017-06-26 01:39:59','2017-06-26 01:39:59'),(339,11,28,28,20,35,15500.00,0,'2017-06-26 01:40:23','2017-06-26 01:40:23'),(340,11,28,28,20,36,15500.00,0,'2017-06-26 01:40:46','2017-06-26 01:40:46'),(341,30,29,29,21,52,23500.00,0,'2017-06-26 01:41:25','2017-06-26 01:41:25'),(342,30,29,29,21,53,21500.00,0,'2017-06-26 01:41:45','2017-06-26 01:41:45'),(343,11,28,28,20,12,23500.00,0,'2017-06-26 01:41:54','2017-06-26 01:41:54'),(344,30,29,29,21,5,17000.00,0,'2017-06-26 01:42:03','2017-06-26 01:42:03'),(345,30,29,29,21,1,8250.00,0,'2017-06-26 01:42:21','2017-06-26 01:42:21'),(346,30,29,29,21,10,69000.00,0,'2017-06-26 01:42:42','2017-06-26 01:42:42'),(347,11,28,28,20,11,8500.00,0,'2017-06-26 01:42:49','2017-06-26 01:42:49'),(348,30,29,29,21,11,8500.00,0,'2017-06-26 01:43:05','2017-06-26 01:43:05'),(349,30,29,29,21,12,23500.00,0,'2017-06-26 01:43:24','2017-06-26 01:43:24'),(350,30,29,29,21,33,14500.00,0,'2017-06-26 01:43:45','2017-06-26 01:43:45'),(351,30,29,29,21,36,15500.00,0,'2017-06-26 01:44:13','2017-06-26 01:44:13'),(352,11,28,28,20,10,69000.00,0,'2017-06-26 01:44:33','2017-06-26 01:44:33'),(353,30,29,29,21,34,15500.00,0,'2017-06-26 01:44:51','2017-06-26 01:44:51'),(354,11,28,28,20,1,8250.00,0,'2017-06-26 01:45:09','2017-06-26 01:45:09'),(355,30,29,29,21,35,15500.00,0,'2017-06-26 01:45:46','2017-06-26 01:45:46'),(356,11,28,28,20,5,17000.00,0,'2017-06-26 01:45:53','2017-06-26 01:45:53'),(357,30,29,29,21,54,36000.00,0,'2017-06-26 01:46:05','2017-06-26 01:46:05'),(358,30,29,29,21,55,29000.00,0,'2017-06-26 01:46:27','2017-06-26 01:46:27'),(359,11,28,28,20,53,21500.00,0,'2017-06-26 01:46:52','2017-06-26 01:46:52'),(360,11,28,28,20,51,36500.00,0,'2017-06-26 01:48:59','2017-06-26 01:48:59'),(361,11,28,28,20,50,26500.00,0,'2017-06-26 01:49:59','2017-06-26 01:49:59'),(362,11,28,28,20,49,24000.00,0,'2017-06-26 01:50:32','2017-06-26 01:50:32'),(363,11,28,28,20,45,30000.00,0,'2017-06-26 01:51:01','2017-06-26 01:51:01'),(364,11,28,28,20,46,30000.00,0,'2017-06-26 01:52:56','2017-06-26 01:52:56'),(365,11,28,28,20,47,30000.00,0,'2017-06-26 01:53:20','2017-06-26 01:53:20'),(366,11,28,28,20,48,30000.00,0,'2017-06-26 01:53:46','2017-06-26 01:53:46'),(367,11,28,28,20,8,17000.00,0,'2017-06-26 01:54:22','2017-06-26 01:54:22'),(368,11,28,28,20,44,25500.00,0,'2017-06-26 01:55:07','2017-06-26 01:55:07'),(369,11,28,28,20,43,48000.00,0,'2017-06-26 01:55:36','2017-06-26 01:55:36'),(370,11,28,28,20,42,25000.00,0,'2017-06-26 01:57:16','2017-06-26 01:57:16'),(371,11,28,28,20,7,4500.00,0,'2017-06-26 01:57:46','2017-06-26 01:57:46'),(372,11,28,28,20,6,12250.00,0,'2017-06-26 01:58:59','2017-06-26 01:58:59'),(373,11,28,28,20,39,47500.00,0,'2017-06-26 01:59:39','2017-06-26 01:59:39'),(374,11,28,28,20,38,8000.00,0,'2017-06-26 02:00:06','2017-06-26 02:00:06');
/*!40000 ALTER TABLE `client__products` ENABLE KEYS */;
UNLOCK TABLES;

--
-- Temporary table structure for view `client_assign_product_views`
--

DROP TABLE IF EXISTS `client_assign_product_views`;
/*!50001 DROP VIEW IF EXISTS `client_assign_product_views`*/;
SET @saved_cs_client     = @@character_set_client;
SET character_set_client = utf8;
/*!50001 CREATE TABLE `client_assign_product_views` (
  `id` tinyint NOT NULL,
  `c_category_id` tinyint NOT NULL,
  `product_id` tinyint NOT NULL,
  `part_no` tinyint NOT NULL,
  `name` tinyint NOT NULL
) ENGINE=MyISAM */;
SET character_set_client = @saved_cs_client;

--
-- Table structure for table `clients`
--

DROP TABLE IF EXISTS `clients`;
/*!40101 SET @saved_cs_client     = @@character_set_client */;
/*!40101 SET character_set_client = utf8 */;
CREATE TABLE `clients` (
  `id` int(10) unsigned NOT NULL AUTO_INCREMENT,
  `user_id` int(10) unsigned NOT NULL,
  `name` varchar(191) COLLATE utf8mb4_unicode_ci NOT NULL,
  `address` varchar(191) COLLATE utf8mb4_unicode_ci NOT NULL,
  `telephone` varchar(191) COLLATE utf8mb4_unicode_ci NOT NULL,
  `email` varchar(191) COLLATE utf8mb4_unicode_ci NOT NULL,
  `logo` varchar(191) COLLATE utf8mb4_unicode_ci NOT NULL,
  `color` varchar(191) COLLATE utf8mb4_unicode_ci NOT NULL,
  `approval` tinyint(1) NOT NULL DEFAULT '0',
  `status` tinyint(1) NOT NULL DEFAULT '0',
  `created_at` timestamp NULL DEFAULT NULL,
  `updated_at` timestamp NULL DEFAULT NULL,
  PRIMARY KEY (`id`),
  KEY `clients_user_id_index` (`user_id`)
) ENGINE=InnoDB AUTO_INCREMENT=16 DEFAULT CHARSET=utf8mb4 COLLATE=utf8mb4_unicode_ci;
/*!40101 SET character_set_client = @saved_cs_client */;

--
-- Dumping data for table `clients`
--

LOCK TABLES `clients` WRITE;
/*!40000 ALTER TABLE `clients` DISABLE KEYS */;
INSERT INTO `clients` VALUES (1,1,'The National School of Business Management (NSBM)','NSBM Green University Town\r\nMahenwaththa, Pitipana,\r\nHomagama,\r\nSri Lanka.','+94 115 445 074','inquiries@nsbm.lk','storage/images/c6d975GkWsDMFgDiJGyLEpFhqmFuTgIsxgYg4YH5.png','#d1d1d1',1,0,'2017-05-08 00:07:06','2017-06-06 22:11:21'),(2,1,'Allianz Insurance Lanka Ltd.','No. 46/10, Nawam Mawatha, Colombo 02.','+94 112 300 400','info@allianz.lk','storage/images/He4fV1PKS2dF6NOxfm3E5X6oK8asqPJVlHTPvnhx.jpeg','#0909ff',1,0,'2017-05-08 00:15:31','2017-05-08 22:00:27'),(3,1,'Commercial Bank of Ceylon','Commercial House, No 21, Sir Razik Fareed Mawatha, P.O. Box 856, Colombo 1, Sri Lanka.','+94 11 2486000 / +94 11 4486000 / +94 11 7486000','info@combank.net','storage/images/iw7ZynoYrkrrgaUcKoNULyzeeRicDP0TxmAwbXT4.png','#7979ff',0,0,'2017-05-08 00:17:56','2017-06-21 03:32:03'),(4,1,'Continental Insurance Lanka Limited.','No.79, \r\nDr. C. W. W. Kannangara Mawatha,\r\nColombo 07, \r\nSri Lanka.','+94 11 5 200300 (General) / +94 11 5 200200 (Hotline)','info@cilanka.com','storage/images/SFhWdkct2GvA3yeqg8LokwFgPWpRl182Jz3bMLob.png','#ea133e',0,0,'2017-05-08 00:19:35','2017-06-21 03:33:00'),(5,1,'DFCC Bank PLC.','73/5, Galle Road, Colombo 3.\r\nSri Lanka.','+94 011 244 2442','info@dfccbank.com','storage/images/cbzP4bW1yRsdTI0kMCLakUoDi4teqJiug9gzGgMH.png','#f30c3a',0,0,'2017-05-08 00:20:24','2017-06-21 03:33:06'),(6,1,'Laugfs Eco Sri (Pvt) Ltd.','No: 101, 5th floor,\r\nMaya Avenue,\r\nColombo 06,\r\nSri Lanka.','+94 11 7 770 770','info@ecosri.lk','storage/images/6ISSLRiGhEnuRMEtoEeuUfTKFh6JB6oeHhDkf9Xa.png','#adadad',0,0,'2017-05-08 00:21:53','2017-06-21 03:33:13'),(7,1,'Cargills Foods Company (Pvt) Ltd.','No. 111, Sri Wickrama Mawatha, Colombo 15,\r\nSri Lanka.','+94 011 2 546 667-8','info@cargillsceylon.com','storage/images/enuEXLSwS2rjO0YNl92yBvQIGLf8olqooTYoQJ2R.png','#ffffff',0,0,'2017-05-08 00:22:39','2017-06-21 03:31:50'),(8,2,'Royal Institute of Colombo','No 189, \r\nHavelock Road,\r\nColombo 05, \r\nSri Lanka.','+94 (11) 255 6329 / +94 (77) 235 5000','info@ric.lk','storage/images/bnPiv0t2kLp7LYqql8v1W9NrnZUG1r2CoqaGmjAv.png','#7582f7',1,0,'2017-05-08 00:27:22','2017-05-09 06:59:58'),(10,2,'E-W Information Systems Limited','441/7, \r\n2nd Lane, \r\nCotta Road, \r\nRajagiriya,\r\nSri Lanka','+94 117 520520','info@ewisl.net','storage/images/JpQLQO8d3j9T7cd0ijWHbsqjZ1ybOnbhuRbP6DnZ.png','#b1b1b1',1,0,'2017-05-12 01:50:14','2017-05-20 02:41:55'),(11,2,'South Asia Gateway Terminals (Pvt.) Ltd.','P.O Box 141, \r\nColombo, \r\nSri Lanka.','+94 11 2457500','info@sagt.com.lk','storage/images/fjfvBpBBzigHRF3nHryBL99Jwdw5TqBM1rUfo7aw.jpeg','#ffffff',0,0,'2017-05-17 01:14:48','2017-05-17 01:16:02'),(12,1,'Senkadagala Finance PLC','2nd Floor, \r\n267, Galle Road, \r\nColombo 03,\r\nSri Lanka.','+94 112 301301','info@senfin.com','storage/images/F1l9Tf2uVO6Gg2cTyiCMw9cgup5vB1jRWkMRYmRU.gif','#009726',1,0,'2017-06-05 04:57:44','2017-08-01 04:14:11'),(13,1,'Pan Asia Banking Corporation PLC','450, Galle Road, \r\nColombo 03, \r\nSri Lanka.','+94 11 4 667 222','customerservice@pabcbank.com','storage/images/wiMrdaDEKQgZ7nDUHE7Bl1oOPwEZEvSSgvjrEMtz.png','#ff0f15',1,0,'2017-06-06 23:53:53','2017-06-07 06:28:25'),(14,1,'Diesel & Motor Engineering PLC.','P.O.Box 339,\r\nNo:65,\r\nJethawana Road,\r\nColombo 14.','+94-11-2449797','dimo@dimolanka.com','storage/images/aB0kYMxzDxayHOxrXHVf3majv4j8etxBSY26ybA8.jpeg','#004080',1,0,'2017-06-23 02:12:13','2017-06-23 02:13:24'),(15,1,'DIMO (Pvt) Ltd.','No. 44, \r\nKinsey Road, \r\nColombo 08.','+94 112 449797','dimo@dimolanka.com','storage/images/u9wNkQsDg4ieSezu40kDKUs7HbFdRzb1jNxooN7q.jpeg','#004080',1,0,'2017-06-23 02:54:49','2017-06-23 02:55:47');
/*!40000 ALTER TABLE `clients` ENABLE KEYS */;
UNLOCK TABLES;

--
-- Table structure for table `clients_branches`
--

DROP TABLE IF EXISTS `clients_branches`;
/*!40101 SET @saved_cs_client     = @@character_set_client */;
/*!40101 SET character_set_client = utf8 */;
CREATE TABLE `clients_branches` (
  `id` int(10) unsigned NOT NULL AUTO_INCREMENT,
  `name` varchar(100) COLLATE utf8mb4_unicode_ci NOT NULL,
  `address` text COLLATE utf8mb4_unicode_ci NOT NULL,
  `contact_no` text COLLATE utf8mb4_unicode_ci NOT NULL,
  `email` text COLLATE utf8mb4_unicode_ci NOT NULL,
  `activation` tinyint(1) NOT NULL DEFAULT '0',
  `client_id` int(10) unsigned NOT NULL,
  `agent_id` int(10) unsigned DEFAULT NULL,
  `created_at` timestamp NULL DEFAULT NULL,
  `updated_at` timestamp NULL DEFAULT NULL,
  PRIMARY KEY (`id`),
  KEY `clients_branches_client_id_index` (`client_id`),
  KEY `clients_branches_agent_id_index` (`agent_id`)
) ENGINE=InnoDB AUTO_INCREMENT=26 DEFAULT CHARSET=utf8mb4 COLLATE=utf8mb4_unicode_ci;
/*!40101 SET character_set_client = @saved_cs_client */;

--
-- Dumping data for table `clients_branches`
--

LOCK TABLES `clients_branches` WRITE;
/*!40000 ALTER TABLE `clients_branches` DISABLE KEYS */;
INSERT INTO `clients_branches` VALUES (1,'Head Office','No. 46/10, Nawam Mawatha, Colombo 02,\r\nSri Lanka.','+94 112 300 400','info@allianz.lk',0,2,5,'2017-05-08 22:02:52','2017-05-08 22:09:04'),(2,'Head Office','Commercial House, \r\nNo 21, Sir Razik Fareed Mawatha, \r\nP.O. Box 856, Colombo 1, \r\nSri Lanka.','+94 11 2486000 / +94 11 4486000 / +94 11 7486000 / +94 11 5486000','info@combank.net',0,3,5,'2017-05-09 06:07:33','2017-05-09 06:11:08'),(3,'Head Office','No.79, \r\nDr. C. W. W. Kannangara Mawatha,\r\nColombo 07, \r\nSri Lanka.','+94 11 5 200300 (General) / +94 11 5 200200 (Hotline)','info@cilanka.com',0,4,4,'2017-05-09 06:16:12','2017-05-09 06:18:05'),(4,'Head Office','73/5, \r\nGalle Road, \r\nColombo 3.\r\nSri Lanka.','+94 112 442442','info@dfccbank.com',0,5,4,'2017-05-09 06:23:31','2017-06-05 06:48:20'),(5,'Head Office','No: 101,\r\nMaya Avenue,\r\nColombo 06,\r\nSri Lanka.','+94 115 566222','info@laugfs.lk',0,6,12,'2017-05-09 06:29:34','2017-05-09 06:35:38'),(6,'Millers Limited','No. 121,\r\nBiyagama Road,\r\nKelaniya,\r\nSri Lanka.','+94 112 904400','millers@millerslimited.com',0,7,12,'2017-05-09 06:56:12','2017-05-09 06:57:56'),(7,'Head Office','No 189, \r\nHavelock Road,\r\nColombo 05, \r\nSri Lanka.','+94 112 556 329 / +94 772 355 000','info@ric.lk',0,8,21,'2017-05-09 07:01:57','2017-05-09 07:07:06'),(8,'Head Office','Mahenwaththa, Pitipana,\r\nHomagama,\r\nSri Lanka.','+94 115 445100','inquiries@nsbm.lk',0,1,8,'2017-05-09 07:17:12','2017-05-09 07:20:03'),(9,'Head Office','fgsdgfsd','dssdff','sjdhsd@sdssd.lk',1,1,NULL,'2017-05-12 00:48:58','2017-05-15 03:06:49'),(10,'Head Office','441/7, \r\n2nd Lane, \r\nCotta Road, \r\nRajagiriya,\r\nSri Lanka.','+94 117 520520','info@ewisl.net',0,10,12,'2017-05-12 01:51:26','2017-05-22 07:28:30'),(11,'Head Office','TEST','+94 112 300 400','info@allianz.lk',1,1,NULL,'2017-05-17 01:26:47','2017-05-17 01:33:07'),(12,'Head Office','ws','sd','info@allianz.lk',1,1,NULL,'2017-05-17 01:44:35','2017-05-17 01:45:01'),(13,'Head Office','2nd Floor, \r\n267, Galle Road, \r\nColombo 03,\r\nSri Lanka.','+94 112 301301','upekha_k@senfin.com',0,12,12,'2017-06-05 04:59:16','2017-06-05 06:54:34'),(14,'Head Office','No: 450, \r\nGalle Road, \r\nColombo 03.','+94 11 4 667 222','customerservice@pabcbank.com',0,13,4,'2017-06-07 06:29:50','2017-06-07 06:30:33'),(15,'Head Office - IT','P.O.Box 339,\r\nNo:65,\r\nJethawana Road,\r\nColombo 14.','+94-11-2449797','dimo@dimolanka.com',0,14,30,'2017-06-23 02:13:55','2017-06-24 08:15:07'),(16,'Siyambalape - Construction Machinery Service Center','No. 135, \r\nMahahena Road, Siyambalape.','+94 114 814430-6','dimo@dimolanka.com',0,14,30,'2017-06-23 02:17:35','2017-06-25 23:57:37'),(17,'Dimo 800 - \"Passenger Vehicles Service\"','No. 800, \r\nSirimavo Bandaranaike Mawatha, \r\nColombo 14.','+94-11-2449797','dimo@dimolanka.com',0,14,30,'2017-06-23 02:52:20','2017-06-23 23:31:31'),(18,'Purchasing','No. 44, \r\nKinsey Road, \r\nColombo 08.','+94 112 449797','dimo@dimolanka.com',0,15,30,'2017-06-23 02:56:32','2017-06-23 23:33:07'),(19,'Dimo 800 - \"Vehicles Sales Administration\"','No. 800, \r\nSirimavo Bandaranaike Mawatha, \r\nColombo 14.','+94-11-2449797','dimo@dimolanka.com',0,14,30,'2017-06-23 09:31:07','2017-06-23 23:31:45'),(20,'Head Office - TATA Admin','No. 800, \r\nSirimavo Bandaranaike Mawatha, \r\nColombo 14.','+94-11-2449797','dimo@dimolanka.com',0,14,30,'2017-06-23 09:34:07','2017-06-24 08:18:35'),(21,'Head Office - Administration Department Marketing & Project Division','No. 800, \r\nSirimavo Bandaranaike Mawatha, \r\nColombo 14.','+94-11-2449797','dimo@dimolanka.com',0,14,30,'2017-06-23 09:40:32','2017-06-25 23:57:14'),(22,'Head Office - HR Department','No. 800, \r\nSirimavo Bandaranaike Mawatha, \r\nColombo 14.','+94-11-2449797','dimo@dimolanka.com',0,14,30,'2017-06-23 09:41:36','2017-06-24 08:18:25'),(23,'Head Office - Admin Department','No. 800, \r\nSirimavo Bandaranaike Mawatha, \r\nColombo 14.','+94-11-2449797','dimo@dimolanka.com',0,14,30,'2017-06-23 09:42:23','2017-06-24 08:18:46'),(24,'Head Office - Automobile Training School','No. 800, \r\nSirimavo Bandaranaike Mawatha, \r\nColombo 14.','+94-11-2449797','dimo@dimolanka.com',0,14,30,'2017-06-23 09:43:12','2017-06-24 08:18:56'),(25,'Head Office - Finance','No. 800, \r\nSirimavo Bandaranaike Mawatha, \r\nColombo 14.','+94-11-2449797','dimo@dimolanka.com',0,14,30,'2017-06-23 09:44:03','2017-06-24 08:19:05');
/*!40000 ALTER TABLE `clients_branches` ENABLE KEYS */;
UNLOCK TABLES;

--
-- Table structure for table `clientusers`
--

DROP TABLE IF EXISTS `clientusers`;
/*!40101 SET @saved_cs_client     = @@character_set_client */;
/*!40101 SET character_set_client = utf8 */;
CREATE TABLE `clientusers` (
  `id` int(10) unsigned NOT NULL AUTO_INCREMENT,
  `user_id` int(10) unsigned NOT NULL,
  `client_id` int(10) unsigned NOT NULL,
  `clients_branch_id` int(10) unsigned NOT NULL,
  `cp_name` varchar(191) COLLATE utf8mb4_unicode_ci NOT NULL,
  `cp_designation` varchar(191) COLLATE utf8mb4_unicode_ci NOT NULL,
  `cp_telephone` varchar(191) COLLATE utf8mb4_unicode_ci NOT NULL,
  `cp_email` varchar(191) COLLATE utf8mb4_unicode_ci NOT NULL,
  `created_user` int(10) unsigned NOT NULL,
  `created_at` timestamp NULL DEFAULT NULL,
  `updated_at` timestamp NULL DEFAULT NULL,
  PRIMARY KEY (`id`),
  KEY `clientusers_user_id_index` (`user_id`),
  KEY `clientusers_client_id_index` (`client_id`),
  KEY `clientusers_clients_branch_id_index` (`clients_branch_id`),
  KEY `clientusers_created_user_index` (`created_user`)
) ENGINE=InnoDB AUTO_INCREMENT=30 DEFAULT CHARSET=utf8mb4 COLLATE=utf8mb4_unicode_ci;
/*!40101 SET character_set_client = @saved_cs_client */;

--
-- Dumping data for table `clientusers`
--

LOCK TABLES `clientusers` WRITE;
/*!40000 ALTER TABLE `clientusers` DISABLE KEYS */;
INSERT INTO `clientusers` VALUES (1,16,2,1,'Mr. Suchintha Perera','Client','+94 773 630985','SuchinthaP@allianz.lk',1,'2017-05-08 22:08:29','2017-07-23 16:00:00'),(2,17,3,2,'Mr. Bhathika Ranaweera','Procurement Executive','+94 112 486286','bhathika_ranaweera@combank.net',1,'2017-05-09 06:10:44','2017-05-09 06:10:44'),(3,18,4,3,'Mr. Pasin Jeyakrishna','Procurement Executive','+94 777 560735','pasinj@cilanka.com',1,'2017-05-09 06:17:48','2017-05-09 06:17:48'),(4,19,5,4,'Mr. Delan Mendis','Procurement Executive','+94 712 798853','delan.mendis@dfccbank.com',1,'2017-05-09 06:24:53','2017-05-09 06:24:53'),(5,14,6,5,'Mr. Nalinda Damian','Manager - Logistics','+94 773 139285','nalinda.damion@laugfs.lk',1,'2017-05-09 06:31:10','2017-05-09 06:31:10'),(6,15,7,6,'Ms. Dineshka Keragala','Category Manager - Retail Procurement','+94 774 461394','dineshka.k@cargillsceylon.com',1,'2017-05-09 06:57:43','2017-05-09 06:57:43'),(7,20,8,7,'Jerome Dias','Manager - IT','+94 716 280357','jerome@ric.lk',1,'2017-05-09 07:03:42','2017-05-09 07:03:42'),(8,22,1,8,'Rangika Lakmini Balasuriya','Trainee Management Assistant','111111111','rangika.l@nsbm.lk',1,'2017-05-09 07:19:02','2017-05-09 07:19:02'),(9,13,1,8,'Mr. Gayan Patirana','Accountant','+94716726006','gayan@nsbm.lk',1,'2017-05-09 07:19:46','2017-06-06 22:08:46'),(10,24,10,10,'Harsha Samarajiwa','Client','+94117496000','harsha.samarajiwa@gmail.com',1,'2017-05-12 01:57:17','2017-06-05 05:19:14'),(11,25,12,13,'Ms. Upeka Kumari','Client','+94766906027','upekha_k@senfin.com',1,'2017-06-05 05:00:29','2017-06-05 05:00:29'),(12,29,13,14,'Mr. Tiran Madushanka','Client','+94777335256','Tiran.Madushanka@pabcbank.com',1,'2017-06-07 06:54:56','2017-06-07 06:54:56'),(13,31,14,15,'Nishantha Mudannayake','Client','+94 777 319371','nishantha.mudannayaka@dimolanka.com',1,'2017-06-23 03:13:40','2017-06-23 03:13:40'),(14,32,14,15,'Padmal Jayaweera','Client','+94 772 107713','Padmal.Jayaweera@dimolanka.com',1,'2017-06-23 03:14:42','2017-06-23 03:14:42'),(15,34,14,15,'Udayanga Bhagya','Client','+94 773 172803','Udayanga.Bhagya@dimolanka.com',1,'2017-06-23 03:22:26','2017-06-23 03:22:26'),(16,35,14,15,'Ms. Michelle Weerakoon','Client','+94 773 315724','michelle.weerakoon@dimolanka.com',1,'2017-06-23 03:24:32','2017-06-23 03:24:32'),(17,36,14,15,'Mr. Indika Kumara','Client','+94 779 346739','Indika.kumara@dimolanka.com',1,'2017-06-23 03:25:50','2017-06-23 03:25:50'),(18,37,14,20,'Mr. Lakshman Wijerathne','Client','+94 773 296521','Lakshman.Wijerathne@dimolanka.com',1,'2017-06-23 03:27:08','2017-06-23 23:25:29'),(19,38,14,21,'Mr. Kushaj Liyanage','Client','+94 773 522236','Kushaj.Liyanage@dimolanka.com',1,'2017-06-23 03:29:11','2017-06-23 23:28:35'),(20,39,14,22,'Ms. Aruni De Zoysa','Client','+94 773 088287','Aruni.DeZoysa@dimolanka.com',1,'2017-06-23 03:30:12','2017-06-23 23:28:58'),(21,40,14,23,'Mr. Nuwan Karunanayaka','Client','+94 774 164829','Nuwan.Karunanayaka@dimolanka.com',1,'2017-06-23 03:31:50','2017-06-23 23:29:25'),(22,41,14,24,'Ms. Tharangani Kulathunga','Client','+94 773 489392','Tharangani.Kulathunga@dimolanka.com',1,'2017-06-23 09:51:46','2017-06-23 09:51:46'),(23,42,14,25,'Niluka Ferdinans','Client','+94 777 766012','Niluka.Ferdinans@dimolanka.com',1,'2017-06-23 09:53:28','2017-06-23 09:53:28'),(24,43,14,16,'Mr. Prasanna Ranasinghe','Client','+94 766 349958','prasanna.ranasinghe@dimolanka.com',1,'2017-06-23 09:55:21','2017-06-23 09:55:21'),(25,44,14,16,'Mr. Ajith Siriwardena','Client','+94 334 932750','ajith.siriwardane@demolanka.com',1,'2017-06-23 09:58:27','2017-06-23 09:58:27'),(26,45,14,17,'Wasana Weerasinghe','Client','+94 778 311967','Wasana.Weerasinghe@dimolanka.com',1,'2017-06-23 09:59:45','2017-06-23 09:59:45'),(27,46,14,19,'Mr. Sajith Rambukpitiya','Client','+94 770 748651','Sajith.Rambukpitiya@dimolanka.com',1,'2017-06-23 10:01:05','2017-06-23 10:01:05'),(28,47,15,18,'Renuka Subasinghe','Client','+94 771 607390','Renuka.Subasinghe@dimolanka.com',1,'2017-06-23 10:02:13','2017-06-23 10:02:13'),(29,48,15,18,'Mr. Lakmal Kodithuwakku','Client','077 8744731','Lakmal.Kodithuwakku@dimolanka.com',1,'2017-06-23 10:03:16','2017-06-23 10:03:16');
/*!40000 ALTER TABLE `clientusers` ENABLE KEYS */;
UNLOCK TABLES;

--
-- Table structure for table `designations`
--

DROP TABLE IF EXISTS `designations`;
/*!40101 SET @saved_cs_client     = @@character_set_client */;
/*!40101 SET character_set_client = utf8 */;
CREATE TABLE `designations` (
  `id` int(10) unsigned NOT NULL AUTO_INCREMENT,
  `designation` varchar(191) COLLATE utf8mb4_unicode_ci NOT NULL,
  `deleted` tinyint(1) NOT NULL DEFAULT '0',
  `user_id` varchar(191) COLLATE utf8mb4_unicode_ci NOT NULL,
  `created_at` timestamp NULL DEFAULT NULL,
  `updated_at` timestamp NULL DEFAULT NULL,
  PRIMARY KEY (`id`),
  UNIQUE KEY `designations_designation_unique` (`designation`)
) ENGINE=InnoDB AUTO_INCREMENT=15 DEFAULT CHARSET=utf8mb4 COLLATE=utf8mb4_unicode_ci;
/*!40101 SET character_set_client = @saved_cs_client */;

--
-- Dumping data for table `designations`
--

LOCK TABLES `designations` WRITE;
/*!40000 ALTER TABLE `designations` DISABLE KEYS */;
INSERT INTO `designations` VALUES (1,'Super Admin',0,'1','2017-05-07 22:33:01','2017-05-07 22:33:01'),(2,'Client',0,'1','2017-05-07 22:33:01','2017-06-28 21:43:13'),(3,'Sector Head - Banking & Finance',0,'1','2017-05-07 23:41:10','2017-05-07 23:41:10'),(4,'Customer Account Manager',0,'1','2017-05-07 23:41:19','2017-05-07 23:41:19'),(5,'Procurement / Logistics Executive',0,'1','2017-05-07 23:41:28','2017-05-07 23:41:28'),(6,'GM / DGM - Sales & Marketing',0,'1','2017-05-07 23:41:32','2017-05-20 05:50:32'),(7,'AGM - Procurement & Logistics',0,'1','2017-05-07 23:41:44','2017-05-07 23:41:44'),(8,'Sector Head - Corporate',0,'1','2017-05-07 23:41:48','2017-05-07 23:41:48'),(9,'Sector Head - Government',0,'1','2017-05-07 23:41:55','2017-05-07 23:41:55'),(10,'Sales Executive',0,'1','2017-05-07 23:42:10','2017-05-07 23:42:10'),(11,'Customer Support Executive',0,'1','2017-05-07 23:42:22','2017-05-07 23:42:22'),(12,'Chief Operating Officer',0,'1','2017-05-07 23:43:32','2017-05-07 23:43:32'),(13,'Director',0,'1','2017-06-07 06:39:16','2017-06-07 06:39:16'),(14,'Sector Head - EWIS Regional Operations',0,'1','2017-06-24 01:10:15','2017-06-24 01:10:15');
/*!40000 ALTER TABLE `designations` ENABLE KEYS */;
UNLOCK TABLES;

--
-- Table structure for table `migrations`
--

DROP TABLE IF EXISTS `migrations`;
/*!40101 SET @saved_cs_client     = @@character_set_client */;
/*!40101 SET character_set_client = utf8 */;
CREATE TABLE `migrations` (
  `id` int(10) unsigned NOT NULL AUTO_INCREMENT,
  `migration` varchar(191) COLLATE utf8mb4_unicode_ci NOT NULL,
  `batch` int(11) NOT NULL,
  PRIMARY KEY (`id`)
) ENGINE=InnoDB AUTO_INCREMENT=146 DEFAULT CHARSET=utf8mb4 COLLATE=utf8mb4_unicode_ci;
/*!40101 SET character_set_client = @saved_cs_client */;

--
-- Dumping data for table `migrations`
--

LOCK TABLES `migrations` WRITE;
/*!40000 ALTER TABLE `migrations` DISABLE KEYS */;
INSERT INTO `migrations` VALUES (1,'2014_10_12_000000_create_users_table',1),(2,'2014_10_12_100000_create_password_resets_table',1),(3,'2017_01_24_173536_create_category_table',1),(4,'2017_01_24_173716_create_brands_table',1),(5,'2017_01_24_173753_create_products_table',1),(6,'2017_02_03_054157_create_user_profile_table',1),(7,'2017_02_10_191524_create_designations_table',1),(8,'2017_02_12_093519_create_client_profile_table',1),(9,'2017_02_22_053255_create_p__orders_table',1),(10,'2017_02_22_075343_create_client_users_table',1),(11,'2017_03_01_072933_create_clients_product_table',1),(12,'2017_03_02_115830_create_privileges_table',1),(13,'2017_03_03_061544_create_client_assign_brands_table',1),(14,'2017_03_03_073840_create_client_assign_categories_table',1),(15,'2017_04_25_162932_create_clients_branches_table',1),(16,'2017_07_27_112900_create_client_assign_product_views_table',1),(128,'2014_10_12_000000_create_users_table',1),(129,'2014_10_12_100000_create_password_resets_table',1),(130,'2017_01_24_173536_create_category_table',1),(131,'2017_01_24_173716_create_brands_table',1),(132,'2017_01_24_173753_create_products_table',1),(133,'2017_02_03_054157_create_user_profile_table',1),(134,'2017_02_10_191524_create_designations_table',1),(135,'2017_02_12_093519_create_client_profile_table',1),(136,'2017_02_22_053255_create_p__orders_table',1),(137,'2017_02_22_075343_create_client_users_table',1),(138,'2017_03_01_072933_create_clients_product_table',1),(139,'2017_03_02_115830_create_privileges_table',1),(140,'2017_03_03_061544_create_client_assign_brands_table',1),(141,'2017_03_03_073840_create_client_assign_categories_table',1),(142,'2017_04_25_162932_create_clients_branches_table',1),(145,'2017_08_16_075859_create_porder_histories_table',2);
/*!40000 ALTER TABLE `migrations` ENABLE KEYS */;
UNLOCK TABLES;

--
-- Table structure for table `p__orders`
--

DROP TABLE IF EXISTS `p__orders`;
/*!40101 SET @saved_cs_client     = @@character_set_client */;
/*!40101 SET character_set_client = utf8 */;
CREATE TABLE `p__orders` (
  `id` int(10) unsigned NOT NULL AUTO_INCREMENT,
  `created_at` timestamp NULL DEFAULT NULL,
  `updated_at` timestamp NULL DEFAULT NULL,
  `clients_branch_id` int(11) NOT NULL,
  `bucket` text COLLATE utf8mb4_unicode_ci NOT NULL,
  `del_cp` text COLLATE utf8mb4_unicode_ci NOT NULL,
  `del_branch` text COLLATE utf8mb4_unicode_ci NOT NULL,
  `del_tp` text COLLATE utf8mb4_unicode_ci NOT NULL,
  `del_address` text COLLATE utf8mb4_unicode_ci NOT NULL,
  `del_notes` text COLLATE utf8mb4_unicode_ci,
  `file` text COLLATE utf8mb4_unicode_ci,
  `cp_notes` text COLLATE utf8mb4_unicode_ci,
  `agent_id` int(11) NOT NULL,
  `status` text COLLATE utf8mb4_unicode_ci NOT NULL,
  `cp_name` text COLLATE utf8mb4_unicode_ci,
  `cp_branch` text COLLATE utf8mb4_unicode_ci,
  `cp_telephone` text COLLATE utf8mb4_unicode_ci,
  `cp_address` text COLLATE utf8mb4_unicode_ci,
  PRIMARY KEY (`id`)
) ENGINE=InnoDB AUTO_INCREMENT=39 DEFAULT CHARSET=utf8mb4 COLLATE=utf8mb4_unicode_ci;
/*!40101 SET character_set_client = @saved_cs_client */;

--
-- Dumping data for table `p__orders`
--

LOCK TABLES `p__orders` WRITE;
/*!40000 ALTER TABLE `p__orders` DISABLE KEYS */;
INSERT INTO `p__orders` VALUES (1,'2017-06-05 09:48:38','2017-06-05 23:48:31',13,'O:10:\"App\\Bucket\":3:{s:5:\"items\";a:1:{s:7:\"85P7015\";a:3:{s:3:\"qty\";s:1:\"1\";s:5:\"price\";d:8050;s:4:\"item\";O:11:\"App\\Product\":24:{s:11:\"\0*\0fillable\";a:10:{i:0;s:7:\"part_no\";i:1;s:4:\"name\";i:2;s:11:\"description\";i:3;s:11:\"category_id\";i:4;s:5:\"image\";i:5;s:13:\"default_price\";i:6;s:7:\"user_id\";i:7;s:6:\"status\";i:8;s:3:\"vat\";i:9;s:9:\"vat_apply\";}s:13:\"\0*\0connection\";N;s:8:\"\0*\0table\";N;s:13:\"\0*\0primaryKey\";s:2:\"id\";s:10:\"\0*\0keyType\";s:3:\"int\";s:12:\"incrementing\";b:1;s:7:\"\0*\0with\";a:0:{}s:10:\"\0*\0perPage\";i:15;s:6:\"exists\";b:1;s:18:\"wasRecentlyCreated\";b:0;s:13:\"\0*\0attributes\";a:13:{s:2:\"id\";i:26;s:7:\"part_no\";s:7:\"85P7015\";s:4:\"name\";s:48:\"Replacement Cartridge for Laser-jet P1102 series\";s:11:\"description\";s:72:\"Compatible with HP Laser-jet P1102. Yield 1,500 Pages. OEM Part # CE285A\";s:11:\"category_id\";i:17;s:5:\"image\";s:62:\"storage/products/mYIzl25qa4JKbAAE6uO8BQhrCopu4OsPfRx32BCG.jpeg\";s:13:\"default_price\";s:7:\"6900.00\";s:6:\"status\";i:1;s:9:\"vat_apply\";i:1;s:3:\"vat\";d:15;s:7:\"user_id\";s:1:\"1\";s:10:\"created_at\";s:19:\"2017-06-05 15:09:53\";s:10:\"updated_at\";s:19:\"2017-06-05 15:09:53\";}s:11:\"\0*\0original\";a:13:{s:2:\"id\";i:26;s:7:\"part_no\";s:7:\"85P7015\";s:4:\"name\";s:48:\"Replacement Cartridge for Laser-jet P1102 series\";s:11:\"description\";s:72:\"Compatible with HP Laser-jet P1102. Yield 1,500 Pages. OEM Part # CE285A\";s:11:\"category_id\";i:17;s:5:\"image\";s:62:\"storage/products/mYIzl25qa4JKbAAE6uO8BQhrCopu4OsPfRx32BCG.jpeg\";s:13:\"default_price\";s:7:\"6900.00\";s:6:\"status\";i:1;s:9:\"vat_apply\";i:1;s:3:\"vat\";d:15;s:7:\"user_id\";s:1:\"1\";s:10:\"created_at\";s:19:\"2017-06-05 15:09:53\";s:10:\"updated_at\";s:19:\"2017-06-05 15:09:53\";}s:8:\"\0*\0casts\";a:0:{}s:8:\"\0*\0dates\";a:0:{}s:13:\"\0*\0dateFormat\";N;s:10:\"\0*\0appends\";a:0:{}s:9:\"\0*\0events\";a:0:{}s:14:\"\0*\0observables\";a:0:{}s:12:\"\0*\0relations\";a:0:{}s:10:\"\0*\0touches\";a:0:{}s:10:\"timestamps\";b:1;s:9:\"\0*\0hidden\";a:0:{}s:10:\"\0*\0visible\";a:0:{}s:10:\"\0*\0guarded\";a:1:{i:0;s:1:\"*\";}}}}s:8:\"totalQty\";i:1;s:10:\"totalPrice\";d:8050;}','Ms. Upeka Kumari','Head Office','+94766906027','','Delivery direct to the Colombo branch before 03 days, between 9.00 a.m. to 3.30 p.m., with the original invoice','storage/checkout/PjxYWCwpB6AD3lyhXxUQkhKfUXI5riArjagey1fu.doc',NULL,12,'C',NULL,NULL,NULL,NULL),(2,'2017-06-06 04:54:36','2017-06-06 05:12:37',13,'O:10:\"App\\Bucket\":3:{s:5:\"items\";a:1:{s:7:\"85P6795\";a:3:{s:3:\"qty\";s:1:\"1\";s:5:\"price\";d:8625;s:4:\"item\";O:11:\"App\\Product\":24:{s:11:\"\0*\0fillable\";a:10:{i:0;s:7:\"part_no\";i:1;s:4:\"name\";i:2;s:11:\"description\";i:3;s:11:\"category_id\";i:4;s:5:\"image\";i:5;s:13:\"default_price\";i:6;s:7:\"user_id\";i:7;s:6:\"status\";i:8;s:3:\"vat\";i:9;s:9:\"vat_apply\";}s:13:\"\0*\0connection\";N;s:8:\"\0*\0table\";N;s:13:\"\0*\0primaryKey\";s:2:\"id\";s:10:\"\0*\0keyType\";s:3:\"int\";s:12:\"incrementing\";b:1;s:7:\"\0*\0with\";a:0:{}s:10:\"\0*\0perPage\";i:15;s:6:\"exists\";b:1;s:18:\"wasRecentlyCreated\";b:0;s:13:\"\0*\0attributes\";a:13:{s:2:\"id\";i:31;s:7:\"part_no\";s:7:\"85P6795\";s:4:\"name\";s:58:\"Replacement Cartridge for Laser-jet 1160 and 1320 A series\";s:11:\"description\";s:87:\"Compatible with Laser-jet 1160 and 1320 A series. Yield 2,500 Pages. OEM Part # Q5949A.\";s:11:\"category_id\";i:17;s:5:\"image\";s:62:\"storage/products/2WwNXno6GZlpJnYDd7UcGOxsnwvIVNbqtK8lZ3Gu.jpeg\";s:13:\"default_price\";s:7:\"7950.00\";s:6:\"status\";i:1;s:9:\"vat_apply\";i:1;s:3:\"vat\";d:15;s:7:\"user_id\";s:1:\"1\";s:10:\"created_at\";s:19:\"2017-06-06 09:15:48\";s:10:\"updated_at\";s:19:\"2017-06-06 09:15:48\";}s:11:\"\0*\0original\";a:13:{s:2:\"id\";i:31;s:7:\"part_no\";s:7:\"85P6795\";s:4:\"name\";s:58:\"Replacement Cartridge for Laser-jet 1160 and 1320 A series\";s:11:\"description\";s:87:\"Compatible with Laser-jet 1160 and 1320 A series. Yield 2,500 Pages. OEM Part # Q5949A.\";s:11:\"category_id\";i:17;s:5:\"image\";s:62:\"storage/products/2WwNXno6GZlpJnYDd7UcGOxsnwvIVNbqtK8lZ3Gu.jpeg\";s:13:\"default_price\";s:7:\"7950.00\";s:6:\"status\";i:1;s:9:\"vat_apply\";i:1;s:3:\"vat\";d:15;s:7:\"user_id\";s:1:\"1\";s:10:\"created_at\";s:19:\"2017-06-06 09:15:48\";s:10:\"updated_at\";s:19:\"2017-06-06 09:15:48\";}s:8:\"\0*\0casts\";a:0:{}s:8:\"\0*\0dates\";a:0:{}s:13:\"\0*\0dateFormat\";N;s:10:\"\0*\0appends\";a:0:{}s:9:\"\0*\0events\";a:0:{}s:14:\"\0*\0observables\";a:0:{}s:12:\"\0*\0relations\";a:0:{}s:10:\"\0*\0touches\";a:0:{}s:10:\"timestamps\";b:1;s:9:\"\0*\0hidden\";a:0:{}s:10:\"\0*\0visible\";a:0:{}s:10:\"\0*\0guarded\";a:1:{i:0;s:1:\"*\";}}}}s:8:\"totalQty\";i:1;s:10:\"totalPrice\";d:8625;}','Ms. Upeka Kumari','Head Office','+94766906027','','Delivery direct to the Colombo branch before 03 days, between 9.00am to 3.30pm, with the original invoice.\r\n\r\nOur Ref.: COM/PO/JUN17/1112','storage/checkout/ABdfS4FSdI7A9tnI4izRaVvV12bbuUsLerWILTEg.doc',NULL,12,'C',NULL,NULL,NULL,NULL),(3,'2017-06-06 05:01:57','2017-06-06 05:23:45',13,'O:10:\"App\\Bucket\":3:{s:5:\"items\";a:1:{s:7:\"85P7015\";a:3:{s:3:\"qty\";s:1:\"1\";s:5:\"price\";d:8050;s:4:\"item\";O:11:\"App\\Product\":24:{s:11:\"\0*\0fillable\";a:10:{i:0;s:7:\"part_no\";i:1;s:4:\"name\";i:2;s:11:\"description\";i:3;s:11:\"category_id\";i:4;s:5:\"image\";i:5;s:13:\"default_price\";i:6;s:7:\"user_id\";i:7;s:6:\"status\";i:8;s:3:\"vat\";i:9;s:9:\"vat_apply\";}s:13:\"\0*\0connection\";N;s:8:\"\0*\0table\";N;s:13:\"\0*\0primaryKey\";s:2:\"id\";s:10:\"\0*\0keyType\";s:3:\"int\";s:12:\"incrementing\";b:1;s:7:\"\0*\0with\";a:0:{}s:10:\"\0*\0perPage\";i:15;s:6:\"exists\";b:1;s:18:\"wasRecentlyCreated\";b:0;s:13:\"\0*\0attributes\";a:13:{s:2:\"id\";i:26;s:7:\"part_no\";s:7:\"85P7015\";s:4:\"name\";s:48:\"Replacement Cartridge for Laser-jet P1102 series\";s:11:\"description\";s:72:\"Compatible with HP Laser-jet P1102. Yield 1,500 Pages. OEM Part # CE285A\";s:11:\"category_id\";i:17;s:5:\"image\";s:62:\"storage/products/mYIzl25qa4JKbAAE6uO8BQhrCopu4OsPfRx32BCG.jpeg\";s:13:\"default_price\";s:7:\"6900.00\";s:6:\"status\";i:1;s:9:\"vat_apply\";i:1;s:3:\"vat\";d:15;s:7:\"user_id\";s:1:\"1\";s:10:\"created_at\";s:19:\"2017-06-05 15:09:53\";s:10:\"updated_at\";s:19:\"2017-06-05 15:09:53\";}s:11:\"\0*\0original\";a:13:{s:2:\"id\";i:26;s:7:\"part_no\";s:7:\"85P7015\";s:4:\"name\";s:48:\"Replacement Cartridge for Laser-jet P1102 series\";s:11:\"description\";s:72:\"Compatible with HP Laser-jet P1102. Yield 1,500 Pages. OEM Part # CE285A\";s:11:\"category_id\";i:17;s:5:\"image\";s:62:\"storage/products/mYIzl25qa4JKbAAE6uO8BQhrCopu4OsPfRx32BCG.jpeg\";s:13:\"default_price\";s:7:\"6900.00\";s:6:\"status\";i:1;s:9:\"vat_apply\";i:1;s:3:\"vat\";d:15;s:7:\"user_id\";s:1:\"1\";s:10:\"created_at\";s:19:\"2017-06-05 15:09:53\";s:10:\"updated_at\";s:19:\"2017-06-05 15:09:53\";}s:8:\"\0*\0casts\";a:0:{}s:8:\"\0*\0dates\";a:0:{}s:13:\"\0*\0dateFormat\";N;s:10:\"\0*\0appends\";a:0:{}s:9:\"\0*\0events\";a:0:{}s:14:\"\0*\0observables\";a:0:{}s:12:\"\0*\0relations\";a:0:{}s:10:\"\0*\0touches\";a:0:{}s:10:\"timestamps\";b:1;s:9:\"\0*\0hidden\";a:0:{}s:10:\"\0*\0visible\";a:0:{}s:10:\"\0*\0guarded\";a:1:{i:0;s:1:\"*\";}}}}s:8:\"totalQty\";i:1;s:10:\"totalPrice\";d:8050;}','Ms. Upeka Kumari','Head Office','+94766906027','','Delivery direct to the Colombo branch before 03 days, between 9.00am to 3.30pm, with the original invoice. \r\n\r\nOur Ref.: COM/PO/JUN17/1113','storage/checkout/94B4vITeRhMUdi83A3rtHSW4POFhb5uPQ8eudyHC.',NULL,12,'C',NULL,NULL,NULL,NULL),(4,'2017-06-07 01:23:54','2017-06-27 22:55:10',13,'O:10:\"App\\Bucket\":3:{s:5:\"items\";a:1:{s:7:\"50F3H0E\";a:3:{s:3:\"qty\";s:1:\"1\";s:5:\"price\";d:15850;s:4:\"item\";O:11:\"App\\Product\":24:{s:11:\"\0*\0fillable\";a:10:{i:0;s:7:\"part_no\";i:1;s:4:\"name\";i:2;s:11:\"description\";i:3;s:11:\"category_id\";i:4;s:5:\"image\";i:5;s:13:\"default_price\";i:6;s:7:\"user_id\";i:7;s:6:\"status\";i:8;s:3:\"vat\";i:9;s:9:\"vat_apply\";}s:13:\"\0*\0connection\";N;s:8:\"\0*\0table\";N;s:13:\"\0*\0primaryKey\";s:2:\"id\";s:10:\"\0*\0keyType\";s:3:\"int\";s:12:\"incrementing\";b:1;s:7:\"\0*\0with\";a:0:{}s:10:\"\0*\0perPage\";i:15;s:6:\"exists\";b:1;s:18:\"wasRecentlyCreated\";b:0;s:13:\"\0*\0attributes\";a:13:{s:2:\"id\";i:5;s:7:\"part_no\";s:7:\"50F3H0E\";s:4:\"name\";s:46:\"503H High Yield Return Program Toner Cartridge\";s:11:\"description\";s:75:\"5,000 standard pages Declared yield value in accordance with ISO/IEC 19752.\";s:11:\"category_id\";i:8;s:5:\"image\";s:62:\"storage/products/jOMEeBMsJfoEsocYCgZY3YD596F1pKByJsLjNrp9.jpeg\";s:13:\"default_price\";s:8:\"27500.00\";s:6:\"status\";i:1;s:9:\"vat_apply\";i:0;s:3:\"vat\";N;s:7:\"user_id\";s:1:\"1\";s:10:\"created_at\";s:19:\"2017-05-08 04:38:11\";s:10:\"updated_at\";s:19:\"2017-05-08 04:38:11\";}s:11:\"\0*\0original\";a:13:{s:2:\"id\";i:5;s:7:\"part_no\";s:7:\"50F3H0E\";s:4:\"name\";s:46:\"503H High Yield Return Program Toner Cartridge\";s:11:\"description\";s:75:\"5,000 standard pages Declared yield value in accordance with ISO/IEC 19752.\";s:11:\"category_id\";i:8;s:5:\"image\";s:62:\"storage/products/jOMEeBMsJfoEsocYCgZY3YD596F1pKByJsLjNrp9.jpeg\";s:13:\"default_price\";s:8:\"27500.00\";s:6:\"status\";i:1;s:9:\"vat_apply\";i:0;s:3:\"vat\";N;s:7:\"user_id\";s:1:\"1\";s:10:\"created_at\";s:19:\"2017-05-08 04:38:11\";s:10:\"updated_at\";s:19:\"2017-05-08 04:38:11\";}s:8:\"\0*\0casts\";a:0:{}s:8:\"\0*\0dates\";a:0:{}s:13:\"\0*\0dateFormat\";N;s:10:\"\0*\0appends\";a:0:{}s:9:\"\0*\0events\";a:0:{}s:14:\"\0*\0observables\";a:0:{}s:12:\"\0*\0relations\";a:0:{}s:10:\"\0*\0touches\";a:0:{}s:10:\"timestamps\";b:1;s:9:\"\0*\0hidden\";a:0:{}s:10:\"\0*\0visible\";a:0:{}s:10:\"\0*\0guarded\";a:1:{i:0;s:1:\"*\";}}}}s:8:\"totalQty\";i:1;s:10:\"totalPrice\";d:15850;}','Ms. Upeka Kumari','Head Office','+94766906027','','Delivery direct to the Colombo branch before 03 days, between 9.00am to 3.30pm, with the original invoice. \r\n\r\nOur Ref.: COM/PO/JUN17/1119','storage/checkout/SX2ouIKIpeZO19gBY3vYnjyDR7GQv1lbOlMZzxmY.doc',NULL,12,'C',NULL,NULL,NULL,NULL),(5,'2017-06-12 02:19:34','2017-06-27 22:56:10',13,'O:10:\"App\\Bucket\":3:{s:5:\"items\";a:1:{s:7:\"50F3H0E\";a:3:{s:3:\"qty\";s:1:\"1\";s:5:\"price\";d:15850;s:4:\"item\";O:11:\"App\\Product\":24:{s:11:\"\0*\0fillable\";a:10:{i:0;s:7:\"part_no\";i:1;s:4:\"name\";i:2;s:11:\"description\";i:3;s:11:\"category_id\";i:4;s:5:\"image\";i:5;s:13:\"default_price\";i:6;s:7:\"user_id\";i:7;s:6:\"status\";i:8;s:3:\"vat\";i:9;s:9:\"vat_apply\";}s:13:\"\0*\0connection\";N;s:8:\"\0*\0table\";N;s:13:\"\0*\0primaryKey\";s:2:\"id\";s:10:\"\0*\0keyType\";s:3:\"int\";s:12:\"incrementing\";b:1;s:7:\"\0*\0with\";a:0:{}s:10:\"\0*\0perPage\";i:15;s:6:\"exists\";b:1;s:18:\"wasRecentlyCreated\";b:0;s:13:\"\0*\0attributes\";a:13:{s:2:\"id\";i:5;s:7:\"part_no\";s:7:\"50F3H0E\";s:4:\"name\";s:46:\"503H High Yield Return Program Toner Cartridge\";s:11:\"description\";s:75:\"5,000 standard pages Declared yield value in accordance with ISO/IEC 19752.\";s:11:\"category_id\";i:8;s:5:\"image\";s:62:\"storage/products/jOMEeBMsJfoEsocYCgZY3YD596F1pKByJsLjNrp9.jpeg\";s:13:\"default_price\";s:8:\"27500.00\";s:6:\"status\";i:1;s:9:\"vat_apply\";i:0;s:3:\"vat\";N;s:7:\"user_id\";s:1:\"1\";s:10:\"created_at\";s:19:\"2017-05-08 04:38:11\";s:10:\"updated_at\";s:19:\"2017-05-08 04:38:11\";}s:11:\"\0*\0original\";a:13:{s:2:\"id\";i:5;s:7:\"part_no\";s:7:\"50F3H0E\";s:4:\"name\";s:46:\"503H High Yield Return Program Toner Cartridge\";s:11:\"description\";s:75:\"5,000 standard pages Declared yield value in accordance with ISO/IEC 19752.\";s:11:\"category_id\";i:8;s:5:\"image\";s:62:\"storage/products/jOMEeBMsJfoEsocYCgZY3YD596F1pKByJsLjNrp9.jpeg\";s:13:\"default_price\";s:8:\"27500.00\";s:6:\"status\";i:1;s:9:\"vat_apply\";i:0;s:3:\"vat\";N;s:7:\"user_id\";s:1:\"1\";s:10:\"created_at\";s:19:\"2017-05-08 04:38:11\";s:10:\"updated_at\";s:19:\"2017-05-08 04:38:11\";}s:8:\"\0*\0casts\";a:0:{}s:8:\"\0*\0dates\";a:0:{}s:13:\"\0*\0dateFormat\";N;s:10:\"\0*\0appends\";a:0:{}s:9:\"\0*\0events\";a:0:{}s:14:\"\0*\0observables\";a:0:{}s:12:\"\0*\0relations\";a:0:{}s:10:\"\0*\0touches\";a:0:{}s:10:\"timestamps\";b:1;s:9:\"\0*\0hidden\";a:0:{}s:10:\"\0*\0visible\";a:0:{}s:10:\"\0*\0guarded\";a:1:{i:0;s:1:\"*\";}}}}s:8:\"totalQty\";i:1;s:10:\"totalPrice\";d:15850;}','Ms. Upeka Kumari','Head Office','+94766906027','','Delivery direct to the Colombo branch before 03 days, between 9.00am to 3.30pm, with the original invoice. \r\n\r\nOur Ref.: COM/PO/JUN17/1121','storage/checkout/5CK0bpTA6WLQJzrLBpBIi3dNXilwUe7dreJiG2AD.doc',NULL,12,'P',NULL,NULL,NULL,NULL),(6,'2017-06-12 02:23:22','2017-06-27 22:57:01',13,'O:10:\"App\\Bucket\":3:{s:5:\"items\";a:1:{s:7:\"50F3H0E\";a:3:{s:3:\"qty\";s:1:\"1\";s:5:\"price\";d:15850;s:4:\"item\";O:11:\"App\\Product\":24:{s:11:\"\0*\0fillable\";a:10:{i:0;s:7:\"part_no\";i:1;s:4:\"name\";i:2;s:11:\"description\";i:3;s:11:\"category_id\";i:4;s:5:\"image\";i:5;s:13:\"default_price\";i:6;s:7:\"user_id\";i:7;s:6:\"status\";i:8;s:3:\"vat\";i:9;s:9:\"vat_apply\";}s:13:\"\0*\0connection\";N;s:8:\"\0*\0table\";N;s:13:\"\0*\0primaryKey\";s:2:\"id\";s:10:\"\0*\0keyType\";s:3:\"int\";s:12:\"incrementing\";b:1;s:7:\"\0*\0with\";a:0:{}s:10:\"\0*\0perPage\";i:15;s:6:\"exists\";b:1;s:18:\"wasRecentlyCreated\";b:0;s:13:\"\0*\0attributes\";a:13:{s:2:\"id\";i:5;s:7:\"part_no\";s:7:\"50F3H0E\";s:4:\"name\";s:46:\"503H High Yield Return Program Toner Cartridge\";s:11:\"description\";s:75:\"5,000 standard pages Declared yield value in accordance with ISO/IEC 19752.\";s:11:\"category_id\";i:8;s:5:\"image\";s:62:\"storage/products/jOMEeBMsJfoEsocYCgZY3YD596F1pKByJsLjNrp9.jpeg\";s:13:\"default_price\";s:8:\"27500.00\";s:6:\"status\";i:1;s:9:\"vat_apply\";i:0;s:3:\"vat\";N;s:7:\"user_id\";s:1:\"1\";s:10:\"created_at\";s:19:\"2017-05-08 04:38:11\";s:10:\"updated_at\";s:19:\"2017-05-08 04:38:11\";}s:11:\"\0*\0original\";a:13:{s:2:\"id\";i:5;s:7:\"part_no\";s:7:\"50F3H0E\";s:4:\"name\";s:46:\"503H High Yield Return Program Toner Cartridge\";s:11:\"description\";s:75:\"5,000 standard pages Declared yield value in accordance with ISO/IEC 19752.\";s:11:\"category_id\";i:8;s:5:\"image\";s:62:\"storage/products/jOMEeBMsJfoEsocYCgZY3YD596F1pKByJsLjNrp9.jpeg\";s:13:\"default_price\";s:8:\"27500.00\";s:6:\"status\";i:1;s:9:\"vat_apply\";i:0;s:3:\"vat\";N;s:7:\"user_id\";s:1:\"1\";s:10:\"created_at\";s:19:\"2017-05-08 04:38:11\";s:10:\"updated_at\";s:19:\"2017-05-08 04:38:11\";}s:8:\"\0*\0casts\";a:0:{}s:8:\"\0*\0dates\";a:0:{}s:13:\"\0*\0dateFormat\";N;s:10:\"\0*\0appends\";a:0:{}s:9:\"\0*\0events\";a:0:{}s:14:\"\0*\0observables\";a:0:{}s:12:\"\0*\0relations\";a:0:{}s:10:\"\0*\0touches\";a:0:{}s:10:\"timestamps\";b:1;s:9:\"\0*\0hidden\";a:0:{}s:10:\"\0*\0visible\";a:0:{}s:10:\"\0*\0guarded\";a:1:{i:0;s:1:\"*\";}}}}s:8:\"totalQty\";i:1;s:10:\"totalPrice\";d:15850;}','Ms. Upeka Kumari','Head Office','+94766906027','','Delivery direct to the Colombo branch before 03 days, between 9.00am to 3.30pm, with the original invoice. \r\n\r\nOur Ref.: COM/PO/JUN17/1122','storage/checkout/iZf7VOZDLs6uU8FAxYWFDvGwVDGxKqENJlA0QHUk.doc',NULL,12,'C',NULL,NULL,NULL,NULL),(7,'2017-06-15 05:42:43','2017-06-26 00:24:43',13,'O:10:\"App\\Bucket\":3:{s:5:\"items\";a:1:{s:7:\"50F3H0E\";a:3:{s:3:\"qty\";s:1:\"1\";s:5:\"price\";d:15850;s:4:\"item\";O:11:\"App\\Product\":24:{s:11:\"\0*\0fillable\";a:10:{i:0;s:7:\"part_no\";i:1;s:4:\"name\";i:2;s:11:\"description\";i:3;s:11:\"category_id\";i:4;s:5:\"image\";i:5;s:13:\"default_price\";i:6;s:7:\"user_id\";i:7;s:6:\"status\";i:8;s:3:\"vat\";i:9;s:9:\"vat_apply\";}s:13:\"\0*\0connection\";N;s:8:\"\0*\0table\";N;s:13:\"\0*\0primaryKey\";s:2:\"id\";s:10:\"\0*\0keyType\";s:3:\"int\";s:12:\"incrementing\";b:1;s:7:\"\0*\0with\";a:0:{}s:10:\"\0*\0perPage\";i:15;s:6:\"exists\";b:1;s:18:\"wasRecentlyCreated\";b:0;s:13:\"\0*\0attributes\";a:13:{s:2:\"id\";i:5;s:7:\"part_no\";s:7:\"50F3H0E\";s:4:\"name\";s:46:\"503H High Yield Return Program Toner Cartridge\";s:11:\"description\";s:75:\"5,000 standard pages Declared yield value in accordance with ISO/IEC 19752.\";s:11:\"category_id\";i:8;s:5:\"image\";s:62:\"storage/products/jOMEeBMsJfoEsocYCgZY3YD596F1pKByJsLjNrp9.jpeg\";s:13:\"default_price\";s:8:\"27500.00\";s:6:\"status\";i:1;s:9:\"vat_apply\";i:0;s:3:\"vat\";N;s:7:\"user_id\";s:1:\"1\";s:10:\"created_at\";s:19:\"2017-05-08 04:38:11\";s:10:\"updated_at\";s:19:\"2017-05-08 04:38:11\";}s:11:\"\0*\0original\";a:13:{s:2:\"id\";i:5;s:7:\"part_no\";s:7:\"50F3H0E\";s:4:\"name\";s:46:\"503H High Yield Return Program Toner Cartridge\";s:11:\"description\";s:75:\"5,000 standard pages Declared yield value in accordance with ISO/IEC 19752.\";s:11:\"category_id\";i:8;s:5:\"image\";s:62:\"storage/products/jOMEeBMsJfoEsocYCgZY3YD596F1pKByJsLjNrp9.jpeg\";s:13:\"default_price\";s:8:\"27500.00\";s:6:\"status\";i:1;s:9:\"vat_apply\";i:0;s:3:\"vat\";N;s:7:\"user_id\";s:1:\"1\";s:10:\"created_at\";s:19:\"2017-05-08 04:38:11\";s:10:\"updated_at\";s:19:\"2017-05-08 04:38:11\";}s:8:\"\0*\0casts\";a:0:{}s:8:\"\0*\0dates\";a:0:{}s:13:\"\0*\0dateFormat\";N;s:10:\"\0*\0appends\";a:0:{}s:9:\"\0*\0events\";a:0:{}s:14:\"\0*\0observables\";a:0:{}s:12:\"\0*\0relations\";a:0:{}s:10:\"\0*\0touches\";a:0:{}s:10:\"timestamps\";b:1;s:9:\"\0*\0hidden\";a:0:{}s:10:\"\0*\0visible\";a:0:{}s:10:\"\0*\0guarded\";a:1:{i:0;s:1:\"*\";}}}}s:8:\"totalQty\";i:1;s:10:\"totalPrice\";d:15850;}','Ms. Upeka Kumari','Head Office','+94766906027','','Delivery direct to the Colombo branch before 03 days, between 9.00am to 3.30pm, with the original invoice. \r\n\r\nOur Ref.: COM/PO/JUN17/1124',NULL,NULL,12,'C',NULL,NULL,NULL,NULL),(8,'2017-06-15 05:47:31','2017-06-26 00:24:38',13,'O:10:\"App\\Bucket\":3:{s:5:\"items\";a:1:{s:7:\"85P7015\";a:3:{s:3:\"qty\";s:1:\"1\";s:5:\"price\";d:8050;s:4:\"item\";O:11:\"App\\Product\":24:{s:11:\"\0*\0fillable\";a:10:{i:0;s:7:\"part_no\";i:1;s:4:\"name\";i:2;s:11:\"description\";i:3;s:11:\"category_id\";i:4;s:5:\"image\";i:5;s:13:\"default_price\";i:6;s:7:\"user_id\";i:7;s:6:\"status\";i:8;s:3:\"vat\";i:9;s:9:\"vat_apply\";}s:13:\"\0*\0connection\";N;s:8:\"\0*\0table\";N;s:13:\"\0*\0primaryKey\";s:2:\"id\";s:10:\"\0*\0keyType\";s:3:\"int\";s:12:\"incrementing\";b:1;s:7:\"\0*\0with\";a:0:{}s:10:\"\0*\0perPage\";i:15;s:6:\"exists\";b:1;s:18:\"wasRecentlyCreated\";b:0;s:13:\"\0*\0attributes\";a:13:{s:2:\"id\";i:26;s:7:\"part_no\";s:7:\"85P7015\";s:4:\"name\";s:48:\"Replacement Cartridge for Laser-jet P1102 series\";s:11:\"description\";s:72:\"Compatible with HP Laser-jet P1102. Yield 1,500 Pages. OEM Part # CE285A\";s:11:\"category_id\";i:17;s:5:\"image\";s:62:\"storage/products/mYIzl25qa4JKbAAE6uO8BQhrCopu4OsPfRx32BCG.jpeg\";s:13:\"default_price\";s:7:\"6900.00\";s:6:\"status\";i:1;s:9:\"vat_apply\";i:1;s:3:\"vat\";d:15;s:7:\"user_id\";s:1:\"1\";s:10:\"created_at\";s:19:\"2017-06-05 15:09:53\";s:10:\"updated_at\";s:19:\"2017-06-05 15:09:53\";}s:11:\"\0*\0original\";a:13:{s:2:\"id\";i:26;s:7:\"part_no\";s:7:\"85P7015\";s:4:\"name\";s:48:\"Replacement Cartridge for Laser-jet P1102 series\";s:11:\"description\";s:72:\"Compatible with HP Laser-jet P1102. Yield 1,500 Pages. OEM Part # CE285A\";s:11:\"category_id\";i:17;s:5:\"image\";s:62:\"storage/products/mYIzl25qa4JKbAAE6uO8BQhrCopu4OsPfRx32BCG.jpeg\";s:13:\"default_price\";s:7:\"6900.00\";s:6:\"status\";i:1;s:9:\"vat_apply\";i:1;s:3:\"vat\";d:15;s:7:\"user_id\";s:1:\"1\";s:10:\"created_at\";s:19:\"2017-06-05 15:09:53\";s:10:\"updated_at\";s:19:\"2017-06-05 15:09:53\";}s:8:\"\0*\0casts\";a:0:{}s:8:\"\0*\0dates\";a:0:{}s:13:\"\0*\0dateFormat\";N;s:10:\"\0*\0appends\";a:0:{}s:9:\"\0*\0events\";a:0:{}s:14:\"\0*\0observables\";a:0:{}s:12:\"\0*\0relations\";a:0:{}s:10:\"\0*\0touches\";a:0:{}s:10:\"timestamps\";b:1;s:9:\"\0*\0hidden\";a:0:{}s:10:\"\0*\0visible\";a:0:{}s:10:\"\0*\0guarded\";a:1:{i:0;s:1:\"*\";}}}}s:8:\"totalQty\";i:1;s:10:\"totalPrice\";d:8050;}','Ms. Upeka Kumari','Head Office','+94766906027','','Delivery direct to the Colombo branch before 03 days, between 9.00am to 3.30pm, with the original invoice. \r\n\r\nOur Ref.: COM/PO/JUN17/1126','storage/checkout/2hRWOhIP8gQnsoQWysRSZyHaECbJZ2ubE3pzYmol.doc',NULL,12,'P',NULL,NULL,NULL,NULL),(9,'2017-06-15 05:49:38','2017-06-26 23:05:04',13,'O:10:\"App\\Bucket\":3:{s:5:\"items\";a:1:{s:7:\"85P7008\";a:3:{s:3:\"qty\";s:1:\"1\";s:5:\"price\";d:9775;s:4:\"item\";O:11:\"App\\Product\":24:{s:11:\"\0*\0fillable\";a:10:{i:0;s:7:\"part_no\";i:1;s:4:\"name\";i:2;s:11:\"description\";i:3;s:11:\"category_id\";i:4;s:5:\"image\";i:5;s:13:\"default_price\";i:6;s:7:\"user_id\";i:7;s:6:\"status\";i:8;s:3:\"vat\";i:9;s:9:\"vat_apply\";}s:13:\"\0*\0connection\";N;s:8:\"\0*\0table\";N;s:13:\"\0*\0primaryKey\";s:2:\"id\";s:10:\"\0*\0keyType\";s:3:\"int\";s:12:\"incrementing\";b:1;s:7:\"\0*\0with\";a:0:{}s:10:\"\0*\0perPage\";i:15;s:6:\"exists\";b:1;s:18:\"wasRecentlyCreated\";b:0;s:13:\"\0*\0attributes\";a:13:{s:2:\"id\";i:29;s:7:\"part_no\";s:7:\"85P7008\";s:4:\"name\";s:55:\"Replacement Cartridge for Laser-jet P2035, 2055A series\";s:11:\"description\";s:84:\"Compatible with Laser-jet P2035, 2055A series. Yield 2,300 Pages. OEM Part # CE505A.\";s:11:\"category_id\";i:17;s:5:\"image\";s:62:\"storage/products/LTtojVGgTJuAby04g62FLdosnaPPSig5EdKv2Yft.jpeg\";s:13:\"default_price\";s:7:\"9350.00\";s:6:\"status\";i:1;s:9:\"vat_apply\";i:1;s:3:\"vat\";d:15;s:7:\"user_id\";s:1:\"1\";s:10:\"created_at\";s:19:\"2017-06-06 09:04:06\";s:10:\"updated_at\";s:19:\"2017-06-06 09:04:06\";}s:11:\"\0*\0original\";a:13:{s:2:\"id\";i:29;s:7:\"part_no\";s:7:\"85P7008\";s:4:\"name\";s:55:\"Replacement Cartridge for Laser-jet P2035, 2055A series\";s:11:\"description\";s:84:\"Compatible with Laser-jet P2035, 2055A series. Yield 2,300 Pages. OEM Part # CE505A.\";s:11:\"category_id\";i:17;s:5:\"image\";s:62:\"storage/products/LTtojVGgTJuAby04g62FLdosnaPPSig5EdKv2Yft.jpeg\";s:13:\"default_price\";s:7:\"9350.00\";s:6:\"status\";i:1;s:9:\"vat_apply\";i:1;s:3:\"vat\";d:15;s:7:\"user_id\";s:1:\"1\";s:10:\"created_at\";s:19:\"2017-06-06 09:04:06\";s:10:\"updated_at\";s:19:\"2017-06-06 09:04:06\";}s:8:\"\0*\0casts\";a:0:{}s:8:\"\0*\0dates\";a:0:{}s:13:\"\0*\0dateFormat\";N;s:10:\"\0*\0appends\";a:0:{}s:9:\"\0*\0events\";a:0:{}s:14:\"\0*\0observables\";a:0:{}s:12:\"\0*\0relations\";a:0:{}s:10:\"\0*\0touches\";a:0:{}s:10:\"timestamps\";b:1;s:9:\"\0*\0hidden\";a:0:{}s:10:\"\0*\0visible\";a:0:{}s:10:\"\0*\0guarded\";a:1:{i:0;s:1:\"*\";}}}}s:8:\"totalQty\";i:1;s:10:\"totalPrice\";d:9775;}','Ms. Upeka Kumari','Head Office','+94766906027','','Delivery direct to the Colombo branch before 03 days, between 9.00am to 3.30pm, with the original invoice. \r\n\r\nOur Ref.: COM/PO/JUN17/1131','storage/checkout/WgMKXxLG2gvycf1uFyT6a5iAYmEjGq9Zp5IehVSn.doc',NULL,12,'P',NULL,NULL,NULL,NULL),(10,'2017-06-15 05:51:27','2017-06-27 22:59:01',13,'O:10:\"App\\Bucket\":3:{s:5:\"items\";a:1:{s:7:\"50F3H0E\";a:3:{s:3:\"qty\";s:1:\"1\";s:5:\"price\";d:15850;s:4:\"item\";O:11:\"App\\Product\":24:{s:11:\"\0*\0fillable\";a:10:{i:0;s:7:\"part_no\";i:1;s:4:\"name\";i:2;s:11:\"description\";i:3;s:11:\"category_id\";i:4;s:5:\"image\";i:5;s:13:\"default_price\";i:6;s:7:\"user_id\";i:7;s:6:\"status\";i:8;s:3:\"vat\";i:9;s:9:\"vat_apply\";}s:13:\"\0*\0connection\";N;s:8:\"\0*\0table\";N;s:13:\"\0*\0primaryKey\";s:2:\"id\";s:10:\"\0*\0keyType\";s:3:\"int\";s:12:\"incrementing\";b:1;s:7:\"\0*\0with\";a:0:{}s:10:\"\0*\0perPage\";i:15;s:6:\"exists\";b:1;s:18:\"wasRecentlyCreated\";b:0;s:13:\"\0*\0attributes\";a:13:{s:2:\"id\";i:5;s:7:\"part_no\";s:7:\"50F3H0E\";s:4:\"name\";s:46:\"503H High Yield Return Program Toner Cartridge\";s:11:\"description\";s:75:\"5,000 standard pages Declared yield value in accordance with ISO/IEC 19752.\";s:11:\"category_id\";i:8;s:5:\"image\";s:62:\"storage/products/jOMEeBMsJfoEsocYCgZY3YD596F1pKByJsLjNrp9.jpeg\";s:13:\"default_price\";s:8:\"27500.00\";s:6:\"status\";i:1;s:9:\"vat_apply\";i:0;s:3:\"vat\";N;s:7:\"user_id\";s:1:\"1\";s:10:\"created_at\";s:19:\"2017-05-08 04:38:11\";s:10:\"updated_at\";s:19:\"2017-05-08 04:38:11\";}s:11:\"\0*\0original\";a:13:{s:2:\"id\";i:5;s:7:\"part_no\";s:7:\"50F3H0E\";s:4:\"name\";s:46:\"503H High Yield Return Program Toner Cartridge\";s:11:\"description\";s:75:\"5,000 standard pages Declared yield value in accordance with ISO/IEC 19752.\";s:11:\"category_id\";i:8;s:5:\"image\";s:62:\"storage/products/jOMEeBMsJfoEsocYCgZY3YD596F1pKByJsLjNrp9.jpeg\";s:13:\"default_price\";s:8:\"27500.00\";s:6:\"status\";i:1;s:9:\"vat_apply\";i:0;s:3:\"vat\";N;s:7:\"user_id\";s:1:\"1\";s:10:\"created_at\";s:19:\"2017-05-08 04:38:11\";s:10:\"updated_at\";s:19:\"2017-05-08 04:38:11\";}s:8:\"\0*\0casts\";a:0:{}s:8:\"\0*\0dates\";a:0:{}s:13:\"\0*\0dateFormat\";N;s:10:\"\0*\0appends\";a:0:{}s:9:\"\0*\0events\";a:0:{}s:14:\"\0*\0observables\";a:0:{}s:12:\"\0*\0relations\";a:0:{}s:10:\"\0*\0touches\";a:0:{}s:10:\"timestamps\";b:1;s:9:\"\0*\0hidden\";a:0:{}s:10:\"\0*\0visible\";a:0:{}s:10:\"\0*\0guarded\";a:1:{i:0;s:1:\"*\";}}}}s:8:\"totalQty\";i:1;s:10:\"totalPrice\";d:15850;}','Ms. Upeka Kumari','Head Office','+94766906027','','Delivery direct to the Colombo branch before 03 days, between 9.00am to 3.30pm, with the original invoice. \r\n\r\nOur Ref.: COM/PO/JUN17/1132','storage/checkout/U3dzAimd8c3tbslBJGbdxQgtcpTBowC5Ye6KNeTx.doc',NULL,12,'PC',NULL,NULL,NULL,NULL),(11,'2017-06-16 03:15:54','2017-06-27 22:59:48',13,'O:10:\"App\\Bucket\":3:{s:5:\"items\";a:1:{s:7:\"50F3H0E\";a:3:{s:3:\"qty\";s:1:\"1\";s:5:\"price\";d:15850;s:4:\"item\";O:11:\"App\\Product\":24:{s:11:\"\0*\0fillable\";a:10:{i:0;s:7:\"part_no\";i:1;s:4:\"name\";i:2;s:11:\"description\";i:3;s:11:\"category_id\";i:4;s:5:\"image\";i:5;s:13:\"default_price\";i:6;s:7:\"user_id\";i:7;s:6:\"status\";i:8;s:3:\"vat\";i:9;s:9:\"vat_apply\";}s:13:\"\0*\0connection\";N;s:8:\"\0*\0table\";N;s:13:\"\0*\0primaryKey\";s:2:\"id\";s:10:\"\0*\0keyType\";s:3:\"int\";s:12:\"incrementing\";b:1;s:7:\"\0*\0with\";a:0:{}s:10:\"\0*\0perPage\";i:15;s:6:\"exists\";b:1;s:18:\"wasRecentlyCreated\";b:0;s:13:\"\0*\0attributes\";a:13:{s:2:\"id\";i:5;s:7:\"part_no\";s:7:\"50F3H0E\";s:4:\"name\";s:46:\"503H High Yield Return Program Toner Cartridge\";s:11:\"description\";s:75:\"5,000 standard pages Declared yield value in accordance with ISO/IEC 19752.\";s:11:\"category_id\";i:8;s:5:\"image\";s:62:\"storage/products/jOMEeBMsJfoEsocYCgZY3YD596F1pKByJsLjNrp9.jpeg\";s:13:\"default_price\";s:8:\"27500.00\";s:6:\"status\";i:1;s:9:\"vat_apply\";i:0;s:3:\"vat\";N;s:7:\"user_id\";s:1:\"1\";s:10:\"created_at\";s:19:\"2017-05-08 04:38:11\";s:10:\"updated_at\";s:19:\"2017-05-08 04:38:11\";}s:11:\"\0*\0original\";a:13:{s:2:\"id\";i:5;s:7:\"part_no\";s:7:\"50F3H0E\";s:4:\"name\";s:46:\"503H High Yield Return Program Toner Cartridge\";s:11:\"description\";s:75:\"5,000 standard pages Declared yield value in accordance with ISO/IEC 19752.\";s:11:\"category_id\";i:8;s:5:\"image\";s:62:\"storage/products/jOMEeBMsJfoEsocYCgZY3YD596F1pKByJsLjNrp9.jpeg\";s:13:\"default_price\";s:8:\"27500.00\";s:6:\"status\";i:1;s:9:\"vat_apply\";i:0;s:3:\"vat\";N;s:7:\"user_id\";s:1:\"1\";s:10:\"created_at\";s:19:\"2017-05-08 04:38:11\";s:10:\"updated_at\";s:19:\"2017-05-08 04:38:11\";}s:8:\"\0*\0casts\";a:0:{}s:8:\"\0*\0dates\";a:0:{}s:13:\"\0*\0dateFormat\";N;s:10:\"\0*\0appends\";a:0:{}s:9:\"\0*\0events\";a:0:{}s:14:\"\0*\0observables\";a:0:{}s:12:\"\0*\0relations\";a:0:{}s:10:\"\0*\0touches\";a:0:{}s:10:\"timestamps\";b:1;s:9:\"\0*\0hidden\";a:0:{}s:10:\"\0*\0visible\";a:0:{}s:10:\"\0*\0guarded\";a:1:{i:0;s:1:\"*\";}}}}s:8:\"totalQty\";i:1;s:10:\"totalPrice\";d:15850;}','Ms. Upeka Kumari','Head Office','+94766906027','','Delivery direct to the Colombo branch before 03 days, between 9.00am to 3.30pm, with the original invoice. \r\n\r\nOur Ref.: COM/PO/JUN17/1134','storage/checkout/2YHvgzA1Pxo4mX8mU05YVVtxlgCvO8nsHUnwthOT.doc',NULL,12,'PC',NULL,NULL,NULL,NULL),(12,'2017-06-16 03:18:30','2017-06-27 23:00:57',13,'O:10:\"App\\Bucket\":3:{s:5:\"items\";a:1:{s:7:\"50F3H0E\";a:3:{s:3:\"qty\";s:1:\"1\";s:5:\"price\";d:15850;s:4:\"item\";O:11:\"App\\Product\":24:{s:11:\"\0*\0fillable\";a:10:{i:0;s:7:\"part_no\";i:1;s:4:\"name\";i:2;s:11:\"description\";i:3;s:11:\"category_id\";i:4;s:5:\"image\";i:5;s:13:\"default_price\";i:6;s:7:\"user_id\";i:7;s:6:\"status\";i:8;s:3:\"vat\";i:9;s:9:\"vat_apply\";}s:13:\"\0*\0connection\";N;s:8:\"\0*\0table\";N;s:13:\"\0*\0primaryKey\";s:2:\"id\";s:10:\"\0*\0keyType\";s:3:\"int\";s:12:\"incrementing\";b:1;s:7:\"\0*\0with\";a:0:{}s:10:\"\0*\0perPage\";i:15;s:6:\"exists\";b:1;s:18:\"wasRecentlyCreated\";b:0;s:13:\"\0*\0attributes\";a:13:{s:2:\"id\";i:5;s:7:\"part_no\";s:7:\"50F3H0E\";s:4:\"name\";s:46:\"503H High Yield Return Program Toner Cartridge\";s:11:\"description\";s:75:\"5,000 standard pages Declared yield value in accordance with ISO/IEC 19752.\";s:11:\"category_id\";i:8;s:5:\"image\";s:62:\"storage/products/jOMEeBMsJfoEsocYCgZY3YD596F1pKByJsLjNrp9.jpeg\";s:13:\"default_price\";s:8:\"27500.00\";s:6:\"status\";i:1;s:9:\"vat_apply\";i:0;s:3:\"vat\";N;s:7:\"user_id\";s:1:\"1\";s:10:\"created_at\";s:19:\"2017-05-08 04:38:11\";s:10:\"updated_at\";s:19:\"2017-05-08 04:38:11\";}s:11:\"\0*\0original\";a:13:{s:2:\"id\";i:5;s:7:\"part_no\";s:7:\"50F3H0E\";s:4:\"name\";s:46:\"503H High Yield Return Program Toner Cartridge\";s:11:\"description\";s:75:\"5,000 standard pages Declared yield value in accordance with ISO/IEC 19752.\";s:11:\"category_id\";i:8;s:5:\"image\";s:62:\"storage/products/jOMEeBMsJfoEsocYCgZY3YD596F1pKByJsLjNrp9.jpeg\";s:13:\"default_price\";s:8:\"27500.00\";s:6:\"status\";i:1;s:9:\"vat_apply\";i:0;s:3:\"vat\";N;s:7:\"user_id\";s:1:\"1\";s:10:\"created_at\";s:19:\"2017-05-08 04:38:11\";s:10:\"updated_at\";s:19:\"2017-05-08 04:38:11\";}s:8:\"\0*\0casts\";a:0:{}s:8:\"\0*\0dates\";a:0:{}s:13:\"\0*\0dateFormat\";N;s:10:\"\0*\0appends\";a:0:{}s:9:\"\0*\0events\";a:0:{}s:14:\"\0*\0observables\";a:0:{}s:12:\"\0*\0relations\";a:0:{}s:10:\"\0*\0touches\";a:0:{}s:10:\"timestamps\";b:1;s:9:\"\0*\0hidden\";a:0:{}s:10:\"\0*\0visible\";a:0:{}s:10:\"\0*\0guarded\";a:1:{i:0;s:1:\"*\";}}}}s:8:\"totalQty\";i:1;s:10:\"totalPrice\";d:15850;}','Ms. Upeka Kumari','Head Office','+94766906027','','Delivery direct to the Colombo branch before 03 days, between 9.00am to 3.30pm, with the original invoice. \r\n\r\nOur Ref.: COM/PO/JUN17/1135','storage/checkout/FxABnxe84EZrxIPHv4aWf3GDjvQYtqtEgvaSzQaz.doc',NULL,12,'C',NULL,NULL,NULL,NULL),(13,'2017-06-16 03:19:57','2017-06-27 23:02:39',13,'O:10:\"App\\Bucket\":3:{s:5:\"items\";a:1:{s:7:\"50F3H0E\";a:3:{s:3:\"qty\";s:1:\"1\";s:5:\"price\";d:15850;s:4:\"item\";O:11:\"App\\Product\":24:{s:11:\"\0*\0fillable\";a:10:{i:0;s:7:\"part_no\";i:1;s:4:\"name\";i:2;s:11:\"description\";i:3;s:11:\"category_id\";i:4;s:5:\"image\";i:5;s:13:\"default_price\";i:6;s:7:\"user_id\";i:7;s:6:\"status\";i:8;s:3:\"vat\";i:9;s:9:\"vat_apply\";}s:13:\"\0*\0connection\";N;s:8:\"\0*\0table\";N;s:13:\"\0*\0primaryKey\";s:2:\"id\";s:10:\"\0*\0keyType\";s:3:\"int\";s:12:\"incrementing\";b:1;s:7:\"\0*\0with\";a:0:{}s:10:\"\0*\0perPage\";i:15;s:6:\"exists\";b:1;s:18:\"wasRecentlyCreated\";b:0;s:13:\"\0*\0attributes\";a:13:{s:2:\"id\";i:5;s:7:\"part_no\";s:7:\"50F3H0E\";s:4:\"name\";s:46:\"503H High Yield Return Program Toner Cartridge\";s:11:\"description\";s:75:\"5,000 standard pages Declared yield value in accordance with ISO/IEC 19752.\";s:11:\"category_id\";i:8;s:5:\"image\";s:62:\"storage/products/jOMEeBMsJfoEsocYCgZY3YD596F1pKByJsLjNrp9.jpeg\";s:13:\"default_price\";s:8:\"27500.00\";s:6:\"status\";i:1;s:9:\"vat_apply\";i:0;s:3:\"vat\";N;s:7:\"user_id\";s:1:\"1\";s:10:\"created_at\";s:19:\"2017-05-08 04:38:11\";s:10:\"updated_at\";s:19:\"2017-05-08 04:38:11\";}s:11:\"\0*\0original\";a:13:{s:2:\"id\";i:5;s:7:\"part_no\";s:7:\"50F3H0E\";s:4:\"name\";s:46:\"503H High Yield Return Program Toner Cartridge\";s:11:\"description\";s:75:\"5,000 standard pages Declared yield value in accordance with ISO/IEC 19752.\";s:11:\"category_id\";i:8;s:5:\"image\";s:62:\"storage/products/jOMEeBMsJfoEsocYCgZY3YD596F1pKByJsLjNrp9.jpeg\";s:13:\"default_price\";s:8:\"27500.00\";s:6:\"status\";i:1;s:9:\"vat_apply\";i:0;s:3:\"vat\";N;s:7:\"user_id\";s:1:\"1\";s:10:\"created_at\";s:19:\"2017-05-08 04:38:11\";s:10:\"updated_at\";s:19:\"2017-05-08 04:38:11\";}s:8:\"\0*\0casts\";a:0:{}s:8:\"\0*\0dates\";a:0:{}s:13:\"\0*\0dateFormat\";N;s:10:\"\0*\0appends\";a:0:{}s:9:\"\0*\0events\";a:0:{}s:14:\"\0*\0observables\";a:0:{}s:12:\"\0*\0relations\";a:0:{}s:10:\"\0*\0touches\";a:0:{}s:10:\"timestamps\";b:1;s:9:\"\0*\0hidden\";a:0:{}s:10:\"\0*\0visible\";a:0:{}s:10:\"\0*\0guarded\";a:1:{i:0;s:1:\"*\";}}}}s:8:\"totalQty\";i:1;s:10:\"totalPrice\";d:15850;}','Ms. Upeka Kumari','Head Office','+94766906027','','Delivery direct to the Colombo branch before 03 days, between 9.00am to 3.30pm, with the original invoice. \r\n\r\nOur Ref.: COM/PO/JUN17/1136','storage/checkout/GAqEBOmmweuwRaE1ctbrZOSqtDYRLIfRMtVmBXeM.doc',NULL,12,'CH',NULL,NULL,NULL,NULL),(14,'2017-06-16 03:32:37','2017-06-26 23:01:30',13,'O:10:\"App\\Bucket\":3:{s:5:\"items\";a:1:{s:7:\"85P6795\";a:3:{s:3:\"qty\";s:1:\"1\";s:5:\"price\";d:8625;s:4:\"item\";O:11:\"App\\Product\":24:{s:11:\"\0*\0fillable\";a:10:{i:0;s:7:\"part_no\";i:1;s:4:\"name\";i:2;s:11:\"description\";i:3;s:11:\"category_id\";i:4;s:5:\"image\";i:5;s:13:\"default_price\";i:6;s:7:\"user_id\";i:7;s:6:\"status\";i:8;s:3:\"vat\";i:9;s:9:\"vat_apply\";}s:13:\"\0*\0connection\";N;s:8:\"\0*\0table\";N;s:13:\"\0*\0primaryKey\";s:2:\"id\";s:10:\"\0*\0keyType\";s:3:\"int\";s:12:\"incrementing\";b:1;s:7:\"\0*\0with\";a:0:{}s:10:\"\0*\0perPage\";i:15;s:6:\"exists\";b:1;s:18:\"wasRecentlyCreated\";b:0;s:13:\"\0*\0attributes\";a:13:{s:2:\"id\";i:31;s:7:\"part_no\";s:7:\"85P6795\";s:4:\"name\";s:58:\"Replacement Cartridge for Laser-jet 1160 and 1320 A series\";s:11:\"description\";s:87:\"Compatible with Laser-jet 1160 and 1320 A series. Yield 2,500 Pages. OEM Part # Q5949A.\";s:11:\"category_id\";i:17;s:5:\"image\";s:62:\"storage/products/2WwNXno6GZlpJnYDd7UcGOxsnwvIVNbqtK8lZ3Gu.jpeg\";s:13:\"default_price\";s:7:\"7950.00\";s:6:\"status\";i:1;s:9:\"vat_apply\";i:1;s:3:\"vat\";d:15;s:7:\"user_id\";s:1:\"1\";s:10:\"created_at\";s:19:\"2017-06-06 09:15:48\";s:10:\"updated_at\";s:19:\"2017-06-06 09:15:48\";}s:11:\"\0*\0original\";a:13:{s:2:\"id\";i:31;s:7:\"part_no\";s:7:\"85P6795\";s:4:\"name\";s:58:\"Replacement Cartridge for Laser-jet 1160 and 1320 A series\";s:11:\"description\";s:87:\"Compatible with Laser-jet 1160 and 1320 A series. Yield 2,500 Pages. OEM Part # Q5949A.\";s:11:\"category_id\";i:17;s:5:\"image\";s:62:\"storage/products/2WwNXno6GZlpJnYDd7UcGOxsnwvIVNbqtK8lZ3Gu.jpeg\";s:13:\"default_price\";s:7:\"7950.00\";s:6:\"status\";i:1;s:9:\"vat_apply\";i:1;s:3:\"vat\";d:15;s:7:\"user_id\";s:1:\"1\";s:10:\"created_at\";s:19:\"2017-06-06 09:15:48\";s:10:\"updated_at\";s:19:\"2017-06-06 09:15:48\";}s:8:\"\0*\0casts\";a:0:{}s:8:\"\0*\0dates\";a:0:{}s:13:\"\0*\0dateFormat\";N;s:10:\"\0*\0appends\";a:0:{}s:9:\"\0*\0events\";a:0:{}s:14:\"\0*\0observables\";a:0:{}s:12:\"\0*\0relations\";a:0:{}s:10:\"\0*\0touches\";a:0:{}s:10:\"timestamps\";b:1;s:9:\"\0*\0hidden\";a:0:{}s:10:\"\0*\0visible\";a:0:{}s:10:\"\0*\0guarded\";a:1:{i:0;s:1:\"*\";}}}}s:8:\"totalQty\";i:1;s:10:\"totalPrice\";d:8625;}','Ms. Upeka Kumari','Head Office','+94766906027','','Delivery direct to the Colombo branch before 03 days, between 9.00am to 3.30pm, with the original invoice. \r\n\r\nOur Ref.: COM/PO/JUN17/1138','storage/checkout/vdsOs8J2FTzC5sijTEPqLGUnOxpEawrEZsF6E9RO.doc',NULL,12,'C',NULL,NULL,NULL,NULL),(15,'2017-06-20 05:04:01','2017-06-26 00:24:06',13,'O:10:\"App\\Bucket\":3:{s:5:\"items\";a:1:{s:7:\"85P7015\";a:3:{s:3:\"qty\";s:1:\"1\";s:5:\"price\";d:8050;s:4:\"item\";O:11:\"App\\Product\":24:{s:11:\"\0*\0fillable\";a:10:{i:0;s:7:\"part_no\";i:1;s:4:\"name\";i:2;s:11:\"description\";i:3;s:11:\"category_id\";i:4;s:5:\"image\";i:5;s:13:\"default_price\";i:6;s:7:\"user_id\";i:7;s:6:\"status\";i:8;s:3:\"vat\";i:9;s:9:\"vat_apply\";}s:13:\"\0*\0connection\";N;s:8:\"\0*\0table\";N;s:13:\"\0*\0primaryKey\";s:2:\"id\";s:10:\"\0*\0keyType\";s:3:\"int\";s:12:\"incrementing\";b:1;s:7:\"\0*\0with\";a:0:{}s:10:\"\0*\0perPage\";i:15;s:6:\"exists\";b:1;s:18:\"wasRecentlyCreated\";b:0;s:13:\"\0*\0attributes\";a:13:{s:2:\"id\";i:26;s:7:\"part_no\";s:7:\"85P7015\";s:4:\"name\";s:48:\"Replacement Cartridge for Laser-jet P1102 series\";s:11:\"description\";s:72:\"Compatible with HP Laser-jet P1102. Yield 1,500 Pages. OEM Part # CE285A\";s:11:\"category_id\";i:17;s:5:\"image\";s:62:\"storage/products/mYIzl25qa4JKbAAE6uO8BQhrCopu4OsPfRx32BCG.jpeg\";s:13:\"default_price\";s:7:\"6900.00\";s:6:\"status\";i:1;s:9:\"vat_apply\";i:1;s:3:\"vat\";d:15;s:7:\"user_id\";s:1:\"1\";s:10:\"created_at\";s:19:\"2017-06-05 15:09:53\";s:10:\"updated_at\";s:19:\"2017-06-05 15:09:53\";}s:11:\"\0*\0original\";a:13:{s:2:\"id\";i:26;s:7:\"part_no\";s:7:\"85P7015\";s:4:\"name\";s:48:\"Replacement Cartridge for Laser-jet P1102 series\";s:11:\"description\";s:72:\"Compatible with HP Laser-jet P1102. Yield 1,500 Pages. OEM Part # CE285A\";s:11:\"category_id\";i:17;s:5:\"image\";s:62:\"storage/products/mYIzl25qa4JKbAAE6uO8BQhrCopu4OsPfRx32BCG.jpeg\";s:13:\"default_price\";s:7:\"6900.00\";s:6:\"status\";i:1;s:9:\"vat_apply\";i:1;s:3:\"vat\";d:15;s:7:\"user_id\";s:1:\"1\";s:10:\"created_at\";s:19:\"2017-06-05 15:09:53\";s:10:\"updated_at\";s:19:\"2017-06-05 15:09:53\";}s:8:\"\0*\0casts\";a:0:{}s:8:\"\0*\0dates\";a:0:{}s:13:\"\0*\0dateFormat\";N;s:10:\"\0*\0appends\";a:0:{}s:9:\"\0*\0events\";a:0:{}s:14:\"\0*\0observables\";a:0:{}s:12:\"\0*\0relations\";a:0:{}s:10:\"\0*\0touches\";a:0:{}s:10:\"timestamps\";b:1;s:9:\"\0*\0hidden\";a:0:{}s:10:\"\0*\0visible\";a:0:{}s:10:\"\0*\0guarded\";a:1:{i:0;s:1:\"*\";}}}}s:8:\"totalQty\";i:1;s:10:\"totalPrice\";d:8050;}','Ms. Upeka Kumari','Head Office','+94766906027','','Delivery direct to the Colombo branch before 03 days, between 9.00am to 3.30pm, with the original invoice. \r\n\r\nOur Ref.: COM/PO/JUN17/1140','storage/checkout/s2hqNtHeaE93Ej1q3LQuKKNYTKWY1c6iDcs6yWsA.doc',NULL,12,'C',NULL,NULL,NULL,NULL),(16,'2017-06-20 05:05:38','2017-06-26 22:58:38',13,'O:10:\"App\\Bucket\":3:{s:5:\"items\";a:1:{s:7:\"85P6795\";a:3:{s:3:\"qty\";s:1:\"1\";s:5:\"price\";d:8625;s:4:\"item\";O:11:\"App\\Product\":24:{s:11:\"\0*\0fillable\";a:10:{i:0;s:7:\"part_no\";i:1;s:4:\"name\";i:2;s:11:\"description\";i:3;s:11:\"category_id\";i:4;s:5:\"image\";i:5;s:13:\"default_price\";i:6;s:7:\"user_id\";i:7;s:6:\"status\";i:8;s:3:\"vat\";i:9;s:9:\"vat_apply\";}s:13:\"\0*\0connection\";N;s:8:\"\0*\0table\";N;s:13:\"\0*\0primaryKey\";s:2:\"id\";s:10:\"\0*\0keyType\";s:3:\"int\";s:12:\"incrementing\";b:1;s:7:\"\0*\0with\";a:0:{}s:10:\"\0*\0perPage\";i:15;s:6:\"exists\";b:1;s:18:\"wasRecentlyCreated\";b:0;s:13:\"\0*\0attributes\";a:13:{s:2:\"id\";i:31;s:7:\"part_no\";s:7:\"85P6795\";s:4:\"name\";s:58:\"Replacement Cartridge for Laser-jet 1160 and 1320 A series\";s:11:\"description\";s:87:\"Compatible with Laser-jet 1160 and 1320 A series. Yield 2,500 Pages. OEM Part # Q5949A.\";s:11:\"category_id\";i:17;s:5:\"image\";s:62:\"storage/products/2WwNXno6GZlpJnYDd7UcGOxsnwvIVNbqtK8lZ3Gu.jpeg\";s:13:\"default_price\";s:7:\"7950.00\";s:6:\"status\";i:1;s:9:\"vat_apply\";i:1;s:3:\"vat\";d:15;s:7:\"user_id\";s:1:\"1\";s:10:\"created_at\";s:19:\"2017-06-06 09:15:48\";s:10:\"updated_at\";s:19:\"2017-06-06 09:15:48\";}s:11:\"\0*\0original\";a:13:{s:2:\"id\";i:31;s:7:\"part_no\";s:7:\"85P6795\";s:4:\"name\";s:58:\"Replacement Cartridge for Laser-jet 1160 and 1320 A series\";s:11:\"description\";s:87:\"Compatible with Laser-jet 1160 and 1320 A series. Yield 2,500 Pages. OEM Part # Q5949A.\";s:11:\"category_id\";i:17;s:5:\"image\";s:62:\"storage/products/2WwNXno6GZlpJnYDd7UcGOxsnwvIVNbqtK8lZ3Gu.jpeg\";s:13:\"default_price\";s:7:\"7950.00\";s:6:\"status\";i:1;s:9:\"vat_apply\";i:1;s:3:\"vat\";d:15;s:7:\"user_id\";s:1:\"1\";s:10:\"created_at\";s:19:\"2017-06-06 09:15:48\";s:10:\"updated_at\";s:19:\"2017-06-06 09:15:48\";}s:8:\"\0*\0casts\";a:0:{}s:8:\"\0*\0dates\";a:0:{}s:13:\"\0*\0dateFormat\";N;s:10:\"\0*\0appends\";a:0:{}s:9:\"\0*\0events\";a:0:{}s:14:\"\0*\0observables\";a:0:{}s:12:\"\0*\0relations\";a:0:{}s:10:\"\0*\0touches\";a:0:{}s:10:\"timestamps\";b:1;s:9:\"\0*\0hidden\";a:0:{}s:10:\"\0*\0visible\";a:0:{}s:10:\"\0*\0guarded\";a:1:{i:0;s:1:\"*\";}}}}s:8:\"totalQty\";i:1;s:10:\"totalPrice\";d:8625;}','Ms. Upeka Kumari','Head Office','+94766906027','','Delivery direct to the Colombo branch before 03 days, between 9.00am to 3.30pm, with the original invoice. \r\n\r\nOur Ref.: COM/PO/JUN17/1141','storage/checkout/o80BVofSwwG7vQlsCVI7uSpnkDcgQRRF7lEdOPpD.doc',NULL,12,'C',NULL,NULL,NULL,NULL),(17,'2017-06-20 05:07:31','2017-06-26 22:57:54',13,'O:10:\"App\\Bucket\":3:{s:5:\"items\";a:1:{s:7:\"50F0Z00\";a:3:{s:3:\"qty\";s:1:\"1\";s:5:\"price\";d:7000;s:4:\"item\";O:11:\"App\\Product\":24:{s:11:\"\0*\0fillable\";a:10:{i:0;s:7:\"part_no\";i:1;s:4:\"name\";i:2;s:11:\"description\";i:3;s:11:\"category_id\";i:4;s:5:\"image\";i:5;s:13:\"default_price\";i:6;s:7:\"user_id\";i:7;s:6:\"status\";i:8;s:3:\"vat\";i:9;s:9:\"vat_apply\";}s:13:\"\0*\0connection\";N;s:8:\"\0*\0table\";N;s:13:\"\0*\0primaryKey\";s:2:\"id\";s:10:\"\0*\0keyType\";s:3:\"int\";s:12:\"incrementing\";b:1;s:7:\"\0*\0with\";a:0:{}s:10:\"\0*\0perPage\";i:15;s:6:\"exists\";b:1;s:18:\"wasRecentlyCreated\";b:0;s:13:\"\0*\0attributes\";a:13:{s:2:\"id\";i:1;s:7:\"part_no\";s:7:\"50F0Z00\";s:4:\"name\";s:38:\"500Z Black Return Program Imaging Unit\";s:11:\"description\";s:91:\"Up to 60,000 pages, based on 3 average letter/A4-size pages per print job and ~ 5% coverage\";s:11:\"category_id\";i:8;s:5:\"image\";s:62:\"storage/products/0mqI28UwtZ5YhFpz2fyFLOBSnLYqTPrIxvfy01rj.jpeg\";s:13:\"default_price\";s:7:\"8200.00\";s:6:\"status\";i:1;s:9:\"vat_apply\";i:0;s:3:\"vat\";N;s:7:\"user_id\";s:1:\"1\";s:10:\"created_at\";s:19:\"2017-05-08 04:26:54\";s:10:\"updated_at\";s:19:\"2017-05-08 04:26:54\";}s:11:\"\0*\0original\";a:13:{s:2:\"id\";i:1;s:7:\"part_no\";s:7:\"50F0Z00\";s:4:\"name\";s:38:\"500Z Black Return Program Imaging Unit\";s:11:\"description\";s:91:\"Up to 60,000 pages, based on 3 average letter/A4-size pages per print job and ~ 5% coverage\";s:11:\"category_id\";i:8;s:5:\"image\";s:62:\"storage/products/0mqI28UwtZ5YhFpz2fyFLOBSnLYqTPrIxvfy01rj.jpeg\";s:13:\"default_price\";s:7:\"8200.00\";s:6:\"status\";i:1;s:9:\"vat_apply\";i:0;s:3:\"vat\";N;s:7:\"user_id\";s:1:\"1\";s:10:\"created_at\";s:19:\"2017-05-08 04:26:54\";s:10:\"updated_at\";s:19:\"2017-05-08 04:26:54\";}s:8:\"\0*\0casts\";a:0:{}s:8:\"\0*\0dates\";a:0:{}s:13:\"\0*\0dateFormat\";N;s:10:\"\0*\0appends\";a:0:{}s:9:\"\0*\0events\";a:0:{}s:14:\"\0*\0observables\";a:0:{}s:12:\"\0*\0relations\";a:0:{}s:10:\"\0*\0touches\";a:0:{}s:10:\"timestamps\";b:1;s:9:\"\0*\0hidden\";a:0:{}s:10:\"\0*\0visible\";a:0:{}s:10:\"\0*\0guarded\";a:1:{i:0;s:1:\"*\";}}}}s:8:\"totalQty\";i:1;s:10:\"totalPrice\";d:7000;}','Ms. Upeka Kumari','Head Office','+94766906027','','Delivery direct to the Colombo branch before 03 days, between 9.00am to 3.30pm, with the original invoice. \r\n\r\nOur Ref.: COM/PO/JUN17/1143','storage/checkout/mpVHoydR5S6Q5rf5kydFNGV8p0zBunExi7EF8Qzt.doc',NULL,12,'C',NULL,NULL,NULL,NULL),(18,'2017-06-20 05:09:48','2017-06-26 22:57:10',13,'O:10:\"App\\Bucket\":3:{s:5:\"items\";a:1:{s:7:\"50F0Z00\";a:3:{s:3:\"qty\";s:1:\"1\";s:5:\"price\";d:7000;s:4:\"item\";O:11:\"App\\Product\":24:{s:11:\"\0*\0fillable\";a:10:{i:0;s:7:\"part_no\";i:1;s:4:\"name\";i:2;s:11:\"description\";i:3;s:11:\"category_id\";i:4;s:5:\"image\";i:5;s:13:\"default_price\";i:6;s:7:\"user_id\";i:7;s:6:\"status\";i:8;s:3:\"vat\";i:9;s:9:\"vat_apply\";}s:13:\"\0*\0connection\";N;s:8:\"\0*\0table\";N;s:13:\"\0*\0primaryKey\";s:2:\"id\";s:10:\"\0*\0keyType\";s:3:\"int\";s:12:\"incrementing\";b:1;s:7:\"\0*\0with\";a:0:{}s:10:\"\0*\0perPage\";i:15;s:6:\"exists\";b:1;s:18:\"wasRecentlyCreated\";b:0;s:13:\"\0*\0attributes\";a:13:{s:2:\"id\";i:1;s:7:\"part_no\";s:7:\"50F0Z00\";s:4:\"name\";s:38:\"500Z Black Return Program Imaging Unit\";s:11:\"description\";s:91:\"Up to 60,000 pages, based on 3 average letter/A4-size pages per print job and ~ 5% coverage\";s:11:\"category_id\";i:8;s:5:\"image\";s:62:\"storage/products/0mqI28UwtZ5YhFpz2fyFLOBSnLYqTPrIxvfy01rj.jpeg\";s:13:\"default_price\";s:7:\"8200.00\";s:6:\"status\";i:1;s:9:\"vat_apply\";i:0;s:3:\"vat\";N;s:7:\"user_id\";s:1:\"1\";s:10:\"created_at\";s:19:\"2017-05-08 04:26:54\";s:10:\"updated_at\";s:19:\"2017-05-08 04:26:54\";}s:11:\"\0*\0original\";a:13:{s:2:\"id\";i:1;s:7:\"part_no\";s:7:\"50F0Z00\";s:4:\"name\";s:38:\"500Z Black Return Program Imaging Unit\";s:11:\"description\";s:91:\"Up to 60,000 pages, based on 3 average letter/A4-size pages per print job and ~ 5% coverage\";s:11:\"category_id\";i:8;s:5:\"image\";s:62:\"storage/products/0mqI28UwtZ5YhFpz2fyFLOBSnLYqTPrIxvfy01rj.jpeg\";s:13:\"default_price\";s:7:\"8200.00\";s:6:\"status\";i:1;s:9:\"vat_apply\";i:0;s:3:\"vat\";N;s:7:\"user_id\";s:1:\"1\";s:10:\"created_at\";s:19:\"2017-05-08 04:26:54\";s:10:\"updated_at\";s:19:\"2017-05-08 04:26:54\";}s:8:\"\0*\0casts\";a:0:{}s:8:\"\0*\0dates\";a:0:{}s:13:\"\0*\0dateFormat\";N;s:10:\"\0*\0appends\";a:0:{}s:9:\"\0*\0events\";a:0:{}s:14:\"\0*\0observables\";a:0:{}s:12:\"\0*\0relations\";a:0:{}s:10:\"\0*\0touches\";a:0:{}s:10:\"timestamps\";b:1;s:9:\"\0*\0hidden\";a:0:{}s:10:\"\0*\0visible\";a:0:{}s:10:\"\0*\0guarded\";a:1:{i:0;s:1:\"*\";}}}}s:8:\"totalQty\";i:1;s:10:\"totalPrice\";d:7000;}','Ms. Upeka Kumari','Head Office','+94766906027','','Delivery direct to the Colombo branch before 03 days, between 9.00am to 3.30pm, with the original invoice. \r\n\r\nOur Ref.: COM/PO/JUN17/1144','storage/checkout/rl7WAHWykjr7KFA77AT5ZRK3BaiXr976KNg0sD6P.doc',NULL,12,'OP',NULL,NULL,NULL,NULL),(19,'2017-06-21 04:22:25','2017-06-27 23:04:20',13,'O:10:\"App\\Bucket\":3:{s:5:\"items\";a:1:{s:7:\"50F3H0E\";a:3:{s:3:\"qty\";s:1:\"1\";s:5:\"price\";d:15850;s:4:\"item\";O:11:\"App\\Product\":24:{s:11:\"\0*\0fillable\";a:10:{i:0;s:7:\"part_no\";i:1;s:4:\"name\";i:2;s:11:\"description\";i:3;s:11:\"category_id\";i:4;s:5:\"image\";i:5;s:13:\"default_price\";i:6;s:7:\"user_id\";i:7;s:6:\"status\";i:8;s:3:\"vat\";i:9;s:9:\"vat_apply\";}s:13:\"\0*\0connection\";N;s:8:\"\0*\0table\";N;s:13:\"\0*\0primaryKey\";s:2:\"id\";s:10:\"\0*\0keyType\";s:3:\"int\";s:12:\"incrementing\";b:1;s:7:\"\0*\0with\";a:0:{}s:10:\"\0*\0perPage\";i:15;s:6:\"exists\";b:1;s:18:\"wasRecentlyCreated\";b:0;s:13:\"\0*\0attributes\";a:13:{s:2:\"id\";i:5;s:7:\"part_no\";s:7:\"50F3H0E\";s:4:\"name\";s:46:\"503H High Yield Return Program Toner Cartridge\";s:11:\"description\";s:75:\"5,000 standard pages Declared yield value in accordance with ISO/IEC 19752.\";s:11:\"category_id\";i:8;s:5:\"image\";s:62:\"storage/products/jOMEeBMsJfoEsocYCgZY3YD596F1pKByJsLjNrp9.jpeg\";s:13:\"default_price\";s:8:\"27500.00\";s:6:\"status\";i:1;s:9:\"vat_apply\";i:0;s:3:\"vat\";N;s:7:\"user_id\";s:1:\"1\";s:10:\"created_at\";s:19:\"2017-05-08 04:38:11\";s:10:\"updated_at\";s:19:\"2017-05-08 04:38:11\";}s:11:\"\0*\0original\";a:13:{s:2:\"id\";i:5;s:7:\"part_no\";s:7:\"50F3H0E\";s:4:\"name\";s:46:\"503H High Yield Return Program Toner Cartridge\";s:11:\"description\";s:75:\"5,000 standard pages Declared yield value in accordance with ISO/IEC 19752.\";s:11:\"category_id\";i:8;s:5:\"image\";s:62:\"storage/products/jOMEeBMsJfoEsocYCgZY3YD596F1pKByJsLjNrp9.jpeg\";s:13:\"default_price\";s:8:\"27500.00\";s:6:\"status\";i:1;s:9:\"vat_apply\";i:0;s:3:\"vat\";N;s:7:\"user_id\";s:1:\"1\";s:10:\"created_at\";s:19:\"2017-05-08 04:38:11\";s:10:\"updated_at\";s:19:\"2017-05-08 04:38:11\";}s:8:\"\0*\0casts\";a:0:{}s:8:\"\0*\0dates\";a:0:{}s:13:\"\0*\0dateFormat\";N;s:10:\"\0*\0appends\";a:0:{}s:9:\"\0*\0events\";a:0:{}s:14:\"\0*\0observables\";a:0:{}s:12:\"\0*\0relations\";a:0:{}s:10:\"\0*\0touches\";a:0:{}s:10:\"timestamps\";b:1;s:9:\"\0*\0hidden\";a:0:{}s:10:\"\0*\0visible\";a:0:{}s:10:\"\0*\0guarded\";a:1:{i:0;s:1:\"*\";}}}}s:8:\"totalQty\";i:1;s:10:\"totalPrice\";d:15850;}','Ms. Upeka Kumari','Head Office','+94766906027','','Delivery direct to the Colombo branch before 03 days, between 9.00am to 3.30pm, with the original invoice. \r\n\r\nOur Ref.: COM/PO/JUN17/1147','storage/checkout/qFbnNuINsFESbx6gwol0rGeeM7FQ4XVsSDhS5UEH.doc',NULL,12,'OP',NULL,NULL,NULL,NULL),(20,'2017-06-28 23:01:29','2017-06-29 00:51:48',13,'O:10:\"App\\Bucket\":3:{s:5:\"items\";a:1:{s:7:\"50F0Z00\";a:3:{s:3:\"qty\";s:1:\"1\";s:5:\"price\";d:7000;s:4:\"item\";O:11:\"App\\Product\":24:{s:11:\"\0*\0fillable\";a:10:{i:0;s:7:\"part_no\";i:1;s:4:\"name\";i:2;s:11:\"description\";i:3;s:11:\"category_id\";i:4;s:5:\"image\";i:5;s:13:\"default_price\";i:6;s:7:\"user_id\";i:7;s:6:\"status\";i:8;s:3:\"vat\";i:9;s:9:\"vat_apply\";}s:13:\"\0*\0connection\";N;s:8:\"\0*\0table\";N;s:13:\"\0*\0primaryKey\";s:2:\"id\";s:10:\"\0*\0keyType\";s:3:\"int\";s:12:\"incrementing\";b:1;s:7:\"\0*\0with\";a:0:{}s:10:\"\0*\0perPage\";i:15;s:6:\"exists\";b:1;s:18:\"wasRecentlyCreated\";b:0;s:13:\"\0*\0attributes\";a:13:{s:2:\"id\";i:1;s:7:\"part_no\";s:7:\"50F0Z00\";s:4:\"name\";s:38:\"500Z Black Return Program Imaging Unit\";s:11:\"description\";s:91:\"Up to 60,000 pages, based on 3 average letter/A4-size pages per print job and ~ 5% coverage\";s:11:\"category_id\";i:8;s:5:\"image\";s:62:\"storage/products/0mqI28UwtZ5YhFpz2fyFLOBSnLYqTPrIxvfy01rj.jpeg\";s:13:\"default_price\";s:7:\"8200.00\";s:6:\"status\";i:1;s:9:\"vat_apply\";i:0;s:3:\"vat\";N;s:7:\"user_id\";s:1:\"1\";s:10:\"created_at\";s:19:\"2017-05-08 04:26:54\";s:10:\"updated_at\";s:19:\"2017-05-08 04:26:54\";}s:11:\"\0*\0original\";a:13:{s:2:\"id\";i:1;s:7:\"part_no\";s:7:\"50F0Z00\";s:4:\"name\";s:38:\"500Z Black Return Program Imaging Unit\";s:11:\"description\";s:91:\"Up to 60,000 pages, based on 3 average letter/A4-size pages per print job and ~ 5% coverage\";s:11:\"category_id\";i:8;s:5:\"image\";s:62:\"storage/products/0mqI28UwtZ5YhFpz2fyFLOBSnLYqTPrIxvfy01rj.jpeg\";s:13:\"default_price\";s:7:\"8200.00\";s:6:\"status\";i:1;s:9:\"vat_apply\";i:0;s:3:\"vat\";N;s:7:\"user_id\";s:1:\"1\";s:10:\"created_at\";s:19:\"2017-05-08 04:26:54\";s:10:\"updated_at\";s:19:\"2017-05-08 04:26:54\";}s:8:\"\0*\0casts\";a:0:{}s:8:\"\0*\0dates\";a:0:{}s:13:\"\0*\0dateFormat\";N;s:10:\"\0*\0appends\";a:0:{}s:9:\"\0*\0events\";a:0:{}s:14:\"\0*\0observables\";a:0:{}s:12:\"\0*\0relations\";a:0:{}s:10:\"\0*\0touches\";a:0:{}s:10:\"timestamps\";b:1;s:9:\"\0*\0hidden\";a:0:{}s:10:\"\0*\0visible\";a:0:{}s:10:\"\0*\0guarded\";a:1:{i:0;s:1:\"*\";}}}}s:8:\"totalQty\";i:1;s:10:\"totalPrice\";d:7000;}','Ms. Upeka Kumari','Head Office','+94766906027','','Delivery direct to the Colombo branch before 03 days, between 9.00am to 3.30pm, with the original invoice. \r\n\r\nOur Ref.: COM/PO/JUN17/1171','storage/checkout/ShAfyDf5qOugwAzQgFd11dljoWd91m0v9oSa5des.doc',NULL,12,'OP',NULL,NULL,NULL,NULL),(21,'2017-06-28 23:04:05','2017-06-29 01:03:06',13,'O:10:\"App\\Bucket\":3:{s:5:\"items\";a:1:{s:7:\"50F3H0E\";a:3:{s:3:\"qty\";s:1:\"1\";s:5:\"price\";d:15850;s:4:\"item\";O:11:\"App\\Product\":24:{s:11:\"\0*\0fillable\";a:10:{i:0;s:7:\"part_no\";i:1;s:4:\"name\";i:2;s:11:\"description\";i:3;s:11:\"category_id\";i:4;s:5:\"image\";i:5;s:13:\"default_price\";i:6;s:7:\"user_id\";i:7;s:6:\"status\";i:8;s:3:\"vat\";i:9;s:9:\"vat_apply\";}s:13:\"\0*\0connection\";N;s:8:\"\0*\0table\";N;s:13:\"\0*\0primaryKey\";s:2:\"id\";s:10:\"\0*\0keyType\";s:3:\"int\";s:12:\"incrementing\";b:1;s:7:\"\0*\0with\";a:0:{}s:10:\"\0*\0perPage\";i:15;s:6:\"exists\";b:1;s:18:\"wasRecentlyCreated\";b:0;s:13:\"\0*\0attributes\";a:13:{s:2:\"id\";i:5;s:7:\"part_no\";s:7:\"50F3H0E\";s:4:\"name\";s:46:\"503H High Yield Return Program Toner Cartridge\";s:11:\"description\";s:75:\"5,000 standard pages Declared yield value in accordance with ISO/IEC 19752.\";s:11:\"category_id\";i:8;s:5:\"image\";s:62:\"storage/products/jOMEeBMsJfoEsocYCgZY3YD596F1pKByJsLjNrp9.jpeg\";s:13:\"default_price\";s:8:\"27500.00\";s:6:\"status\";i:1;s:9:\"vat_apply\";i:0;s:3:\"vat\";N;s:7:\"user_id\";s:1:\"1\";s:10:\"created_at\";s:19:\"2017-05-08 04:38:11\";s:10:\"updated_at\";s:19:\"2017-05-08 04:38:11\";}s:11:\"\0*\0original\";a:13:{s:2:\"id\";i:5;s:7:\"part_no\";s:7:\"50F3H0E\";s:4:\"name\";s:46:\"503H High Yield Return Program Toner Cartridge\";s:11:\"description\";s:75:\"5,000 standard pages Declared yield value in accordance with ISO/IEC 19752.\";s:11:\"category_id\";i:8;s:5:\"image\";s:62:\"storage/products/jOMEeBMsJfoEsocYCgZY3YD596F1pKByJsLjNrp9.jpeg\";s:13:\"default_price\";s:8:\"27500.00\";s:6:\"status\";i:1;s:9:\"vat_apply\";i:0;s:3:\"vat\";N;s:7:\"user_id\";s:1:\"1\";s:10:\"created_at\";s:19:\"2017-05-08 04:38:11\";s:10:\"updated_at\";s:19:\"2017-05-08 04:38:11\";}s:8:\"\0*\0casts\";a:0:{}s:8:\"\0*\0dates\";a:0:{}s:13:\"\0*\0dateFormat\";N;s:10:\"\0*\0appends\";a:0:{}s:9:\"\0*\0events\";a:0:{}s:14:\"\0*\0observables\";a:0:{}s:12:\"\0*\0relations\";a:0:{}s:10:\"\0*\0touches\";a:0:{}s:10:\"timestamps\";b:1;s:9:\"\0*\0hidden\";a:0:{}s:10:\"\0*\0visible\";a:0:{}s:10:\"\0*\0guarded\";a:1:{i:0;s:1:\"*\";}}}}s:8:\"totalQty\";i:1;s:10:\"totalPrice\";d:15850;}','Ms. Upeka Kumari','Head Office','+94766906027','','Delivery direct to the Colombo branch before 03 days, between 9.00am to 3.30pm, with the original invoice. \r\n\r\nOur Ref.: COM/PO/JUN17/1170','storage/checkout/izd4sXtcCDaZS7YEhAkzPmHjWWLnPLqCsVwBEabk.doc',NULL,12,'C',NULL,NULL,NULL,NULL),(22,'2017-06-28 23:07:00','2017-06-29 01:09:11',13,'O:10:\"App\\Bucket\":3:{s:5:\"items\";a:1:{s:7:\"85P6795\";a:3:{s:3:\"qty\";s:1:\"1\";s:5:\"price\";d:8625;s:4:\"item\";O:11:\"App\\Product\":24:{s:11:\"\0*\0fillable\";a:10:{i:0;s:7:\"part_no\";i:1;s:4:\"name\";i:2;s:11:\"description\";i:3;s:11:\"category_id\";i:4;s:5:\"image\";i:5;s:13:\"default_price\";i:6;s:7:\"user_id\";i:7;s:6:\"status\";i:8;s:3:\"vat\";i:9;s:9:\"vat_apply\";}s:13:\"\0*\0connection\";N;s:8:\"\0*\0table\";N;s:13:\"\0*\0primaryKey\";s:2:\"id\";s:10:\"\0*\0keyType\";s:3:\"int\";s:12:\"incrementing\";b:1;s:7:\"\0*\0with\";a:0:{}s:10:\"\0*\0perPage\";i:15;s:6:\"exists\";b:1;s:18:\"wasRecentlyCreated\";b:0;s:13:\"\0*\0attributes\";a:13:{s:2:\"id\";i:31;s:7:\"part_no\";s:7:\"85P6795\";s:4:\"name\";s:58:\"Replacement Cartridge for Laser-jet 1160 and 1320 A series\";s:11:\"description\";s:87:\"Compatible with Laser-jet 1160 and 1320 A series. Yield 2,500 Pages. OEM Part # Q5949A.\";s:11:\"category_id\";i:17;s:5:\"image\";s:62:\"storage/products/2WwNXno6GZlpJnYDd7UcGOxsnwvIVNbqtK8lZ3Gu.jpeg\";s:13:\"default_price\";s:7:\"7950.00\";s:6:\"status\";i:1;s:9:\"vat_apply\";i:1;s:3:\"vat\";d:15;s:7:\"user_id\";s:1:\"1\";s:10:\"created_at\";s:19:\"2017-06-06 09:15:48\";s:10:\"updated_at\";s:19:\"2017-06-06 09:15:48\";}s:11:\"\0*\0original\";a:13:{s:2:\"id\";i:31;s:7:\"part_no\";s:7:\"85P6795\";s:4:\"name\";s:58:\"Replacement Cartridge for Laser-jet 1160 and 1320 A series\";s:11:\"description\";s:87:\"Compatible with Laser-jet 1160 and 1320 A series. Yield 2,500 Pages. OEM Part # Q5949A.\";s:11:\"category_id\";i:17;s:5:\"image\";s:62:\"storage/products/2WwNXno6GZlpJnYDd7UcGOxsnwvIVNbqtK8lZ3Gu.jpeg\";s:13:\"default_price\";s:7:\"7950.00\";s:6:\"status\";i:1;s:9:\"vat_apply\";i:1;s:3:\"vat\";d:15;s:7:\"user_id\";s:1:\"1\";s:10:\"created_at\";s:19:\"2017-06-06 09:15:48\";s:10:\"updated_at\";s:19:\"2017-06-06 09:15:48\";}s:8:\"\0*\0casts\";a:0:{}s:8:\"\0*\0dates\";a:0:{}s:13:\"\0*\0dateFormat\";N;s:10:\"\0*\0appends\";a:0:{}s:9:\"\0*\0events\";a:0:{}s:14:\"\0*\0observables\";a:0:{}s:12:\"\0*\0relations\";a:0:{}s:10:\"\0*\0touches\";a:0:{}s:10:\"timestamps\";b:1;s:9:\"\0*\0hidden\";a:0:{}s:10:\"\0*\0visible\";a:0:{}s:10:\"\0*\0guarded\";a:1:{i:0;s:1:\"*\";}}}}s:8:\"totalQty\";i:1;s:10:\"totalPrice\";d:8625;}','Ms. Upeka Kumari','Head Office','+94766906027','','Delivery direct to the Colombo branch before 03 days, between 9.00am to 3.30pm, with the original invoice. \r\n\r\nOur Ref.: COM/PO/JUN17/1164','storage/checkout/DDr8dOUTEI1gbarR2kfmxMjHHGdoAYFyRhzOs1wp.doc',NULL,12,'C',NULL,NULL,NULL,NULL),(23,'2017-06-28 23:24:28','2017-07-07 01:34:42',13,'O:10:\"App\\Bucket\":3:{s:5:\"items\";a:1:{s:7:\"50F0Z00\";a:3:{s:3:\"qty\";s:1:\"1\";s:5:\"price\";d:7000;s:4:\"item\";O:11:\"App\\Product\":24:{s:11:\"\0*\0fillable\";a:10:{i:0;s:7:\"part_no\";i:1;s:4:\"name\";i:2;s:11:\"description\";i:3;s:11:\"category_id\";i:4;s:5:\"image\";i:5;s:13:\"default_price\";i:6;s:7:\"user_id\";i:7;s:6:\"status\";i:8;s:3:\"vat\";i:9;s:9:\"vat_apply\";}s:13:\"\0*\0connection\";N;s:8:\"\0*\0table\";N;s:13:\"\0*\0primaryKey\";s:2:\"id\";s:10:\"\0*\0keyType\";s:3:\"int\";s:12:\"incrementing\";b:1;s:7:\"\0*\0with\";a:0:{}s:10:\"\0*\0perPage\";i:15;s:6:\"exists\";b:1;s:18:\"wasRecentlyCreated\";b:0;s:13:\"\0*\0attributes\";a:13:{s:2:\"id\";i:1;s:7:\"part_no\";s:7:\"50F0Z00\";s:4:\"name\";s:38:\"500Z Black Return Program Imaging Unit\";s:11:\"description\";s:91:\"Up to 60,000 pages, based on 3 average letter/A4-size pages per print job and ~ 5% coverage\";s:11:\"category_id\";i:8;s:5:\"image\";s:62:\"storage/products/0mqI28UwtZ5YhFpz2fyFLOBSnLYqTPrIxvfy01rj.jpeg\";s:13:\"default_price\";s:7:\"8200.00\";s:6:\"status\";i:1;s:9:\"vat_apply\";i:0;s:3:\"vat\";N;s:7:\"user_id\";s:1:\"1\";s:10:\"created_at\";s:19:\"2017-05-08 04:26:54\";s:10:\"updated_at\";s:19:\"2017-05-08 04:26:54\";}s:11:\"\0*\0original\";a:13:{s:2:\"id\";i:1;s:7:\"part_no\";s:7:\"50F0Z00\";s:4:\"name\";s:38:\"500Z Black Return Program Imaging Unit\";s:11:\"description\";s:91:\"Up to 60,000 pages, based on 3 average letter/A4-size pages per print job and ~ 5% coverage\";s:11:\"category_id\";i:8;s:5:\"image\";s:62:\"storage/products/0mqI28UwtZ5YhFpz2fyFLOBSnLYqTPrIxvfy01rj.jpeg\";s:13:\"default_price\";s:7:\"8200.00\";s:6:\"status\";i:1;s:9:\"vat_apply\";i:0;s:3:\"vat\";N;s:7:\"user_id\";s:1:\"1\";s:10:\"created_at\";s:19:\"2017-05-08 04:26:54\";s:10:\"updated_at\";s:19:\"2017-05-08 04:26:54\";}s:8:\"\0*\0casts\";a:0:{}s:8:\"\0*\0dates\";a:0:{}s:13:\"\0*\0dateFormat\";N;s:10:\"\0*\0appends\";a:0:{}s:9:\"\0*\0events\";a:0:{}s:14:\"\0*\0observables\";a:0:{}s:12:\"\0*\0relations\";a:0:{}s:10:\"\0*\0touches\";a:0:{}s:10:\"timestamps\";b:1;s:9:\"\0*\0hidden\";a:0:{}s:10:\"\0*\0visible\";a:0:{}s:10:\"\0*\0guarded\";a:1:{i:0;s:1:\"*\";}}}}s:8:\"totalQty\";i:1;s:10:\"totalPrice\";d:7000;}','Ms. Upeka Kumari','Head Office','+94766906027','','Delivery direct to the Colombo branch before 03 days, between 9.00am to 3.30pm, with the original invoice. \r\n\r\nOur Ref.: COM/PO/JUN17/1171','storage/checkout/piQuUOHOH0mQ5EbVLvjSoqcJumcAgn5fd4H1ETJf.doc',NULL,12,'C',NULL,NULL,NULL,NULL),(25,'2017-07-12 16:59:15','2017-07-12 17:49:40',1,'O:10:\"App\\Bucket\":3:{s:5:\"items\";a:2:{s:7:\"52D3X0E\";a:3:{s:3:\"qty\";s:1:\"3\";s:5:\"price\";d:195000;s:4:\"item\";O:11:\"App\\Product\":24:{s:11:\"\0*\0fillable\";a:10:{i:0;s:7:\"part_no\";i:1;s:4:\"name\";i:2;s:11:\"description\";i:3;s:11:\"category_id\";i:4;s:5:\"image\";i:5;s:13:\"default_price\";i:6;s:7:\"user_id\";i:7;s:6:\"status\";i:8;s:3:\"vat\";i:9;s:9:\"vat_apply\";}s:13:\"\0*\0connection\";N;s:8:\"\0*\0table\";N;s:13:\"\0*\0primaryKey\";s:2:\"id\";s:10:\"\0*\0keyType\";s:3:\"int\";s:12:\"incrementing\";b:1;s:7:\"\0*\0with\";a:0:{}s:10:\"\0*\0perPage\";i:15;s:6:\"exists\";b:1;s:18:\"wasRecentlyCreated\";b:0;s:13:\"\0*\0attributes\";a:13:{s:2:\"id\";i:10;s:7:\"part_no\";s:7:\"52D3X0E\";s:4:\"name\";s:54:\"523XE Black Extra High yield Corporate Toner Cartridge\";s:11:\"description\";s:158:\"523XE Black Extra High yield Corporate Toner Cartridge, 45,000 standard pages Declared yield value in accordance with ISO/IEC 19752. Compatble with MS811/812.\";s:11:\"category_id\";i:8;s:5:\"image\";s:62:\"storage/products/Wkz1o25V2EMjQmwZGwOUgD4akWA0NTvyFcn3CtuL.jpeg\";s:13:\"default_price\";s:8:\"95600.00\";s:6:\"status\";i:1;s:9:\"vat_apply\";i:0;s:3:\"vat\";N;s:7:\"user_id\";s:1:\"1\";s:10:\"created_at\";s:19:\"2017-05-08 10:14:24\";s:10:\"updated_at\";s:19:\"2017-05-08 10:14:24\";}s:11:\"\0*\0original\";a:13:{s:2:\"id\";i:10;s:7:\"part_no\";s:7:\"52D3X0E\";s:4:\"name\";s:54:\"523XE Black Extra High yield Corporate Toner Cartridge\";s:11:\"description\";s:158:\"523XE Black Extra High yield Corporate Toner Cartridge, 45,000 standard pages Declared yield value in accordance with ISO/IEC 19752. Compatble with MS811/812.\";s:11:\"category_id\";i:8;s:5:\"image\";s:62:\"storage/products/Wkz1o25V2EMjQmwZGwOUgD4akWA0NTvyFcn3CtuL.jpeg\";s:13:\"default_price\";s:8:\"95600.00\";s:6:\"status\";i:1;s:9:\"vat_apply\";i:0;s:3:\"vat\";N;s:7:\"user_id\";s:1:\"1\";s:10:\"created_at\";s:19:\"2017-05-08 10:14:24\";s:10:\"updated_at\";s:19:\"2017-05-08 10:14:24\";}s:8:\"\0*\0casts\";a:0:{}s:8:\"\0*\0dates\";a:0:{}s:13:\"\0*\0dateFormat\";N;s:10:\"\0*\0appends\";a:0:{}s:9:\"\0*\0events\";a:0:{}s:14:\"\0*\0observables\";a:0:{}s:12:\"\0*\0relations\";a:0:{}s:10:\"\0*\0touches\";a:0:{}s:10:\"timestamps\";b:1;s:9:\"\0*\0hidden\";a:0:{}s:10:\"\0*\0visible\";a:0:{}s:10:\"\0*\0guarded\";a:1:{i:0;s:1:\"*\";}}}s:7:\"52D0Z00\";a:3:{s:3:\"qty\";s:1:\"5\";s:5:\"price\";d:32500;s:4:\"item\";O:11:\"App\\Product\":24:{s:11:\"\0*\0fillable\";a:10:{i:0;s:7:\"part_no\";i:1;s:4:\"name\";i:2;s:11:\"description\";i:3;s:11:\"category_id\";i:4;s:5:\"image\";i:5;s:13:\"default_price\";i:6;s:7:\"user_id\";i:7;s:6:\"status\";i:8;s:3:\"vat\";i:9;s:9:\"vat_apply\";}s:13:\"\0*\0connection\";N;s:8:\"\0*\0table\";N;s:13:\"\0*\0primaryKey\";s:2:\"id\";s:10:\"\0*\0keyType\";s:3:\"int\";s:12:\"incrementing\";b:1;s:7:\"\0*\0with\";a:0:{}s:10:\"\0*\0perPage\";i:15;s:6:\"exists\";b:1;s:18:\"wasRecentlyCreated\";b:0;s:13:\"\0*\0attributes\";a:13:{s:2:\"id\";i:11;s:7:\"part_no\";s:7:\"52D0Z00\";s:4:\"name\";s:38:\"520Z Black Return Program Imaging Unit\";s:11:\"description\";s:165:\"Up to 100,000 pages, based on 3 average letter/A4-size pages per print job and ~ 5% coverage. Compatible with MS71x series, MS81x series, MX71x series, MX81x series.\";s:11:\"category_id\";i:8;s:5:\"image\";s:62:\"storage/products/wH87Jk16iiLU4ynb8bJ39mTtqURP55pPCB1AJ6st.jpeg\";s:13:\"default_price\";s:7:\"8750.00\";s:6:\"status\";i:1;s:9:\"vat_apply\";i:0;s:3:\"vat\";N;s:7:\"user_id\";s:1:\"1\";s:10:\"created_at\";s:19:\"2017-05-08 10:15:13\";s:10:\"updated_at\";s:19:\"2017-05-08 10:15:13\";}s:11:\"\0*\0original\";a:13:{s:2:\"id\";i:11;s:7:\"part_no\";s:7:\"52D0Z00\";s:4:\"name\";s:38:\"520Z Black Return Program Imaging Unit\";s:11:\"description\";s:165:\"Up to 100,000 pages, based on 3 average letter/A4-size pages per print job and ~ 5% coverage. Compatible with MS71x series, MS81x series, MX71x series, MX81x series.\";s:11:\"category_id\";i:8;s:5:\"image\";s:62:\"storage/products/wH87Jk16iiLU4ynb8bJ39mTtqURP55pPCB1AJ6st.jpeg\";s:13:\"default_price\";s:7:\"8750.00\";s:6:\"status\";i:1;s:9:\"vat_apply\";i:0;s:3:\"vat\";N;s:7:\"user_id\";s:1:\"1\";s:10:\"created_at\";s:19:\"2017-05-08 10:15:13\";s:10:\"updated_at\";s:19:\"2017-05-08 10:15:13\";}s:8:\"\0*\0casts\";a:0:{}s:8:\"\0*\0dates\";a:0:{}s:13:\"\0*\0dateFormat\";N;s:10:\"\0*\0appends\";a:0:{}s:9:\"\0*\0events\";a:0:{}s:14:\"\0*\0observables\";a:0:{}s:12:\"\0*\0relations\";a:0:{}s:10:\"\0*\0touches\";a:0:{}s:10:\"timestamps\";b:1;s:9:\"\0*\0hidden\";a:0:{}s:10:\"\0*\0visible\";a:0:{}s:10:\"\0*\0guarded\";a:1:{i:0;s:1:\"*\";}}}}s:8:\"totalQty\";i:8;s:10:\"totalPrice\";d:227500;}','Mr. Suchintha Perera','Head Office','+94 773 630985','','Please arrange the delivery today.',NULL,NULL,5,'C',NULL,NULL,NULL,NULL),(26,'2017-08-03 06:29:31','2017-08-03 06:29:31',10,'O:10:\"App\\Bucket\":3:{s:5:\"items\";a:1:{s:6:\"60201A\";a:3:{s:3:\"qty\";s:1:\"1\";s:5:\"price\";d:3450;s:4:\"item\";O:11:\"App\\Product\":25:{s:11:\"\0*\0fillable\";a:10:{i:0;s:7:\"part_no\";i:1;s:4:\"name\";i:2;s:11:\"description\";i:3;s:11:\"category_id\";i:4;s:5:\"image\";i:5;s:13:\"default_price\";i:6;s:7:\"user_id\";i:7;s:6:\"status\";i:8;s:3:\"vat\";i:9;s:9:\"vat_apply\";}s:13:\"\0*\0connection\";s:5:\"mysql\";s:8:\"\0*\0table\";N;s:13:\"\0*\0primaryKey\";s:2:\"id\";s:10:\"\0*\0keyType\";s:3:\"int\";s:12:\"incrementing\";b:1;s:7:\"\0*\0with\";a:0:{}s:12:\"\0*\0withCount\";a:0:{}s:10:\"\0*\0perPage\";i:15;s:6:\"exists\";b:1;s:18:\"wasRecentlyCreated\";b:0;s:13:\"\0*\0attributes\";a:13:{s:2:\"id\";i:13;s:7:\"part_no\";s:6:\"60201A\";s:4:\"name\";s:20:\"PB2 Ribbon Cartridge\";s:11:\"description\";s:31:\"Impact Printer Ribbon Cartridge\";s:11:\"category_id\";i:1;s:5:\"image\";s:62:\"storage/products/hqwahLomSOzR493tw6yuR3LeAQMAaELE1RuT4wa2.jpeg\";s:13:\"default_price\";s:7:\"2500.00\";s:6:\"status\";i:1;s:9:\"vat_apply\";i:1;s:3:\"vat\";d:15;s:7:\"user_id\";s:1:\"1\";s:10:\"created_at\";s:19:\"2017-05-08 04:49:00\";s:10:\"updated_at\";s:19:\"2017-05-08 04:49:00\";}s:11:\"\0*\0original\";a:13:{s:2:\"id\";i:13;s:7:\"part_no\";s:6:\"60201A\";s:4:\"name\";s:20:\"PB2 Ribbon Cartridge\";s:11:\"description\";s:31:\"Impact Printer Ribbon Cartridge\";s:11:\"category_id\";i:1;s:5:\"image\";s:62:\"storage/products/hqwahLomSOzR493tw6yuR3LeAQMAaELE1RuT4wa2.jpeg\";s:13:\"default_price\";s:7:\"2500.00\";s:6:\"status\";i:1;s:9:\"vat_apply\";i:1;s:3:\"vat\";d:15;s:7:\"user_id\";s:1:\"1\";s:10:\"created_at\";s:19:\"2017-05-08 04:49:00\";s:10:\"updated_at\";s:19:\"2017-05-08 04:49:00\";}s:8:\"\0*\0casts\";a:0:{}s:8:\"\0*\0dates\";a:0:{}s:13:\"\0*\0dateFormat\";N;s:10:\"\0*\0appends\";a:0:{}s:9:\"\0*\0events\";a:0:{}s:14:\"\0*\0observables\";a:0:{}s:12:\"\0*\0relations\";a:0:{}s:10:\"\0*\0touches\";a:0:{}s:10:\"timestamps\";b:1;s:9:\"\0*\0hidden\";a:0:{}s:10:\"\0*\0visible\";a:0:{}s:10:\"\0*\0guarded\";a:1:{i:0;s:1:\"*\";}}}}s:8:\"totalQty\";i:1;s:10:\"totalPrice\";d:3450;}','Lakmal Karanduwawala','AAAAAA','+94772604480','','skdvn skjdfvn skdfjvn',NULL,NULL,12,'P',NULL,NULL,NULL,NULL),(27,'2017-08-03 06:32:08','2017-08-03 06:32:08',10,'O:10:\"App\\Bucket\":3:{s:5:\"items\";a:1:{s:6:\"60201A\";a:3:{s:3:\"qty\";s:1:\"1\";s:5:\"price\";d:3450;s:4:\"item\";O:11:\"App\\Product\":25:{s:11:\"\0*\0fillable\";a:10:{i:0;s:7:\"part_no\";i:1;s:4:\"name\";i:2;s:11:\"description\";i:3;s:11:\"category_id\";i:4;s:5:\"image\";i:5;s:13:\"default_price\";i:6;s:7:\"user_id\";i:7;s:6:\"status\";i:8;s:3:\"vat\";i:9;s:9:\"vat_apply\";}s:13:\"\0*\0connection\";s:5:\"mysql\";s:8:\"\0*\0table\";N;s:13:\"\0*\0primaryKey\";s:2:\"id\";s:10:\"\0*\0keyType\";s:3:\"int\";s:12:\"incrementing\";b:1;s:7:\"\0*\0with\";a:0:{}s:12:\"\0*\0withCount\";a:0:{}s:10:\"\0*\0perPage\";i:15;s:6:\"exists\";b:1;s:18:\"wasRecentlyCreated\";b:0;s:13:\"\0*\0attributes\";a:13:{s:2:\"id\";i:13;s:7:\"part_no\";s:6:\"60201A\";s:4:\"name\";s:20:\"PB2 Ribbon Cartridge\";s:11:\"description\";s:31:\"Impact Printer Ribbon Cartridge\";s:11:\"category_id\";i:1;s:5:\"image\";s:62:\"storage/products/hqwahLomSOzR493tw6yuR3LeAQMAaELE1RuT4wa2.jpeg\";s:13:\"default_price\";s:7:\"2500.00\";s:6:\"status\";i:1;s:9:\"vat_apply\";i:1;s:3:\"vat\";d:15;s:7:\"user_id\";s:1:\"1\";s:10:\"created_at\";s:19:\"2017-05-08 04:49:00\";s:10:\"updated_at\";s:19:\"2017-05-08 04:49:00\";}s:11:\"\0*\0original\";a:13:{s:2:\"id\";i:13;s:7:\"part_no\";s:6:\"60201A\";s:4:\"name\";s:20:\"PB2 Ribbon Cartridge\";s:11:\"description\";s:31:\"Impact Printer Ribbon Cartridge\";s:11:\"category_id\";i:1;s:5:\"image\";s:62:\"storage/products/hqwahLomSOzR493tw6yuR3LeAQMAaELE1RuT4wa2.jpeg\";s:13:\"default_price\";s:7:\"2500.00\";s:6:\"status\";i:1;s:9:\"vat_apply\";i:1;s:3:\"vat\";d:15;s:7:\"user_id\";s:1:\"1\";s:10:\"created_at\";s:19:\"2017-05-08 04:49:00\";s:10:\"updated_at\";s:19:\"2017-05-08 04:49:00\";}s:8:\"\0*\0casts\";a:0:{}s:8:\"\0*\0dates\";a:0:{}s:13:\"\0*\0dateFormat\";N;s:10:\"\0*\0appends\";a:0:{}s:9:\"\0*\0events\";a:0:{}s:14:\"\0*\0observables\";a:0:{}s:12:\"\0*\0relations\";a:0:{}s:10:\"\0*\0touches\";a:0:{}s:10:\"timestamps\";b:1;s:9:\"\0*\0hidden\";a:0:{}s:10:\"\0*\0visible\";a:0:{}s:10:\"\0*\0guarded\";a:1:{i:0;s:1:\"*\";}}}}s:8:\"totalQty\";i:1;s:10:\"totalPrice\";d:3450;}','Lakmal Karanduwawala','AAAAAA','+94772604480','','skdvn skjdfvn skdfjvn',NULL,NULL,12,'P',NULL,NULL,NULL,NULL),(28,'2017-08-03 06:32:26','2017-08-03 06:32:26',10,'O:10:\"App\\Bucket\":3:{s:5:\"items\";a:1:{s:6:\"60201A\";a:3:{s:3:\"qty\";s:1:\"1\";s:5:\"price\";d:3450;s:4:\"item\";O:11:\"App\\Product\":25:{s:11:\"\0*\0fillable\";a:10:{i:0;s:7:\"part_no\";i:1;s:4:\"name\";i:2;s:11:\"description\";i:3;s:11:\"category_id\";i:4;s:5:\"image\";i:5;s:13:\"default_price\";i:6;s:7:\"user_id\";i:7;s:6:\"status\";i:8;s:3:\"vat\";i:9;s:9:\"vat_apply\";}s:13:\"\0*\0connection\";s:5:\"mysql\";s:8:\"\0*\0table\";N;s:13:\"\0*\0primaryKey\";s:2:\"id\";s:10:\"\0*\0keyType\";s:3:\"int\";s:12:\"incrementing\";b:1;s:7:\"\0*\0with\";a:0:{}s:12:\"\0*\0withCount\";a:0:{}s:10:\"\0*\0perPage\";i:15;s:6:\"exists\";b:1;s:18:\"wasRecentlyCreated\";b:0;s:13:\"\0*\0attributes\";a:13:{s:2:\"id\";i:13;s:7:\"part_no\";s:6:\"60201A\";s:4:\"name\";s:20:\"PB2 Ribbon Cartridge\";s:11:\"description\";s:31:\"Impact Printer Ribbon Cartridge\";s:11:\"category_id\";i:1;s:5:\"image\";s:62:\"storage/products/hqwahLomSOzR493tw6yuR3LeAQMAaELE1RuT4wa2.jpeg\";s:13:\"default_price\";s:7:\"2500.00\";s:6:\"status\";i:1;s:9:\"vat_apply\";i:1;s:3:\"vat\";d:15;s:7:\"user_id\";s:1:\"1\";s:10:\"created_at\";s:19:\"2017-05-08 04:49:00\";s:10:\"updated_at\";s:19:\"2017-05-08 04:49:00\";}s:11:\"\0*\0original\";a:13:{s:2:\"id\";i:13;s:7:\"part_no\";s:6:\"60201A\";s:4:\"name\";s:20:\"PB2 Ribbon Cartridge\";s:11:\"description\";s:31:\"Impact Printer Ribbon Cartridge\";s:11:\"category_id\";i:1;s:5:\"image\";s:62:\"storage/products/hqwahLomSOzR493tw6yuR3LeAQMAaELE1RuT4wa2.jpeg\";s:13:\"default_price\";s:7:\"2500.00\";s:6:\"status\";i:1;s:9:\"vat_apply\";i:1;s:3:\"vat\";d:15;s:7:\"user_id\";s:1:\"1\";s:10:\"created_at\";s:19:\"2017-05-08 04:49:00\";s:10:\"updated_at\";s:19:\"2017-05-08 04:49:00\";}s:8:\"\0*\0casts\";a:0:{}s:8:\"\0*\0dates\";a:0:{}s:13:\"\0*\0dateFormat\";N;s:10:\"\0*\0appends\";a:0:{}s:9:\"\0*\0events\";a:0:{}s:14:\"\0*\0observables\";a:0:{}s:12:\"\0*\0relations\";a:0:{}s:10:\"\0*\0touches\";a:0:{}s:10:\"timestamps\";b:1;s:9:\"\0*\0hidden\";a:0:{}s:10:\"\0*\0visible\";a:0:{}s:10:\"\0*\0guarded\";a:1:{i:0;s:1:\"*\";}}}}s:8:\"totalQty\";i:1;s:10:\"totalPrice\";d:3450;}','Lakmal Karanduwawala','AAAAAA','+94772604480','','skdvn skjdfvn skdfjvn',NULL,NULL,12,'P',NULL,NULL,NULL,NULL),(29,'2017-08-03 06:33:19','2017-08-03 06:33:19',10,'O:10:\"App\\Bucket\":3:{s:5:\"items\";a:1:{s:6:\"60201A\";a:3:{s:3:\"qty\";s:1:\"1\";s:5:\"price\";d:3450;s:4:\"item\";O:11:\"App\\Product\":25:{s:11:\"\0*\0fillable\";a:10:{i:0;s:7:\"part_no\";i:1;s:4:\"name\";i:2;s:11:\"description\";i:3;s:11:\"category_id\";i:4;s:5:\"image\";i:5;s:13:\"default_price\";i:6;s:7:\"user_id\";i:7;s:6:\"status\";i:8;s:3:\"vat\";i:9;s:9:\"vat_apply\";}s:13:\"\0*\0connection\";s:5:\"mysql\";s:8:\"\0*\0table\";N;s:13:\"\0*\0primaryKey\";s:2:\"id\";s:10:\"\0*\0keyType\";s:3:\"int\";s:12:\"incrementing\";b:1;s:7:\"\0*\0with\";a:0:{}s:12:\"\0*\0withCount\";a:0:{}s:10:\"\0*\0perPage\";i:15;s:6:\"exists\";b:1;s:18:\"wasRecentlyCreated\";b:0;s:13:\"\0*\0attributes\";a:13:{s:2:\"id\";i:13;s:7:\"part_no\";s:6:\"60201A\";s:4:\"name\";s:20:\"PB2 Ribbon Cartridge\";s:11:\"description\";s:31:\"Impact Printer Ribbon Cartridge\";s:11:\"category_id\";i:1;s:5:\"image\";s:62:\"storage/products/hqwahLomSOzR493tw6yuR3LeAQMAaELE1RuT4wa2.jpeg\";s:13:\"default_price\";s:7:\"2500.00\";s:6:\"status\";i:1;s:9:\"vat_apply\";i:1;s:3:\"vat\";d:15;s:7:\"user_id\";s:1:\"1\";s:10:\"created_at\";s:19:\"2017-05-08 04:49:00\";s:10:\"updated_at\";s:19:\"2017-05-08 04:49:00\";}s:11:\"\0*\0original\";a:13:{s:2:\"id\";i:13;s:7:\"part_no\";s:6:\"60201A\";s:4:\"name\";s:20:\"PB2 Ribbon Cartridge\";s:11:\"description\";s:31:\"Impact Printer Ribbon Cartridge\";s:11:\"category_id\";i:1;s:5:\"image\";s:62:\"storage/products/hqwahLomSOzR493tw6yuR3LeAQMAaELE1RuT4wa2.jpeg\";s:13:\"default_price\";s:7:\"2500.00\";s:6:\"status\";i:1;s:9:\"vat_apply\";i:1;s:3:\"vat\";d:15;s:7:\"user_id\";s:1:\"1\";s:10:\"created_at\";s:19:\"2017-05-08 04:49:00\";s:10:\"updated_at\";s:19:\"2017-05-08 04:49:00\";}s:8:\"\0*\0casts\";a:0:{}s:8:\"\0*\0dates\";a:0:{}s:13:\"\0*\0dateFormat\";N;s:10:\"\0*\0appends\";a:0:{}s:9:\"\0*\0events\";a:0:{}s:14:\"\0*\0observables\";a:0:{}s:12:\"\0*\0relations\";a:0:{}s:10:\"\0*\0touches\";a:0:{}s:10:\"timestamps\";b:1;s:9:\"\0*\0hidden\";a:0:{}s:10:\"\0*\0visible\";a:0:{}s:10:\"\0*\0guarded\";a:1:{i:0;s:1:\"*\";}}}}s:8:\"totalQty\";i:1;s:10:\"totalPrice\";d:3450;}','Lakmal Karanduwawala','AAAAAA','+94772604480','','skdvn skjdfvn skdfjvn',NULL,NULL,12,'P',NULL,NULL,NULL,NULL),(30,'2017-08-03 06:33:27','2017-08-03 06:33:27',10,'O:10:\"App\\Bucket\":3:{s:5:\"items\";a:1:{s:6:\"60201A\";a:3:{s:3:\"qty\";s:1:\"1\";s:5:\"price\";d:3450;s:4:\"item\";O:11:\"App\\Product\":25:{s:11:\"\0*\0fillable\";a:10:{i:0;s:7:\"part_no\";i:1;s:4:\"name\";i:2;s:11:\"description\";i:3;s:11:\"category_id\";i:4;s:5:\"image\";i:5;s:13:\"default_price\";i:6;s:7:\"user_id\";i:7;s:6:\"status\";i:8;s:3:\"vat\";i:9;s:9:\"vat_apply\";}s:13:\"\0*\0connection\";s:5:\"mysql\";s:8:\"\0*\0table\";N;s:13:\"\0*\0primaryKey\";s:2:\"id\";s:10:\"\0*\0keyType\";s:3:\"int\";s:12:\"incrementing\";b:1;s:7:\"\0*\0with\";a:0:{}s:12:\"\0*\0withCount\";a:0:{}s:10:\"\0*\0perPage\";i:15;s:6:\"exists\";b:1;s:18:\"wasRecentlyCreated\";b:0;s:13:\"\0*\0attributes\";a:13:{s:2:\"id\";i:13;s:7:\"part_no\";s:6:\"60201A\";s:4:\"name\";s:20:\"PB2 Ribbon Cartridge\";s:11:\"description\";s:31:\"Impact Printer Ribbon Cartridge\";s:11:\"category_id\";i:1;s:5:\"image\";s:62:\"storage/products/hqwahLomSOzR493tw6yuR3LeAQMAaELE1RuT4wa2.jpeg\";s:13:\"default_price\";s:7:\"2500.00\";s:6:\"status\";i:1;s:9:\"vat_apply\";i:1;s:3:\"vat\";d:15;s:7:\"user_id\";s:1:\"1\";s:10:\"created_at\";s:19:\"2017-05-08 04:49:00\";s:10:\"updated_at\";s:19:\"2017-05-08 04:49:00\";}s:11:\"\0*\0original\";a:13:{s:2:\"id\";i:13;s:7:\"part_no\";s:6:\"60201A\";s:4:\"name\";s:20:\"PB2 Ribbon Cartridge\";s:11:\"description\";s:31:\"Impact Printer Ribbon Cartridge\";s:11:\"category_id\";i:1;s:5:\"image\";s:62:\"storage/products/hqwahLomSOzR493tw6yuR3LeAQMAaELE1RuT4wa2.jpeg\";s:13:\"default_price\";s:7:\"2500.00\";s:6:\"status\";i:1;s:9:\"vat_apply\";i:1;s:3:\"vat\";d:15;s:7:\"user_id\";s:1:\"1\";s:10:\"created_at\";s:19:\"2017-05-08 04:49:00\";s:10:\"updated_at\";s:19:\"2017-05-08 04:49:00\";}s:8:\"\0*\0casts\";a:0:{}s:8:\"\0*\0dates\";a:0:{}s:13:\"\0*\0dateFormat\";N;s:10:\"\0*\0appends\";a:0:{}s:9:\"\0*\0events\";a:0:{}s:14:\"\0*\0observables\";a:0:{}s:12:\"\0*\0relations\";a:0:{}s:10:\"\0*\0touches\";a:0:{}s:10:\"timestamps\";b:1;s:9:\"\0*\0hidden\";a:0:{}s:10:\"\0*\0visible\";a:0:{}s:10:\"\0*\0guarded\";a:1:{i:0;s:1:\"*\";}}}}s:8:\"totalQty\";i:1;s:10:\"totalPrice\";d:3450;}','Lakmal Karanduwawala','AAAAAA','+94772604480','','skdvn skjdfvn skdfjvn',NULL,NULL,12,'P',NULL,NULL,NULL,NULL),(31,'2017-08-03 06:35:30','2017-08-03 06:35:30',10,'O:10:\"App\\Bucket\":3:{s:5:\"items\";a:1:{s:7:\"A33K091\";a:3:{s:3:\"qty\";s:1:\"1\";s:5:\"price\";d:11500;s:4:\"item\";O:11:\"App\\Product\":25:{s:11:\"\0*\0fillable\";a:10:{i:0;s:7:\"part_no\";i:1;s:4:\"name\";i:2;s:11:\"description\";i:3;s:11:\"category_id\";i:4;s:5:\"image\";i:5;s:13:\"default_price\";i:6;s:7:\"user_id\";i:7;s:6:\"status\";i:8;s:3:\"vat\";i:9;s:9:\"vat_apply\";}s:13:\"\0*\0connection\";s:5:\"mysql\";s:8:\"\0*\0table\";N;s:13:\"\0*\0primaryKey\";s:2:\"id\";s:10:\"\0*\0keyType\";s:3:\"int\";s:12:\"incrementing\";b:1;s:7:\"\0*\0with\";a:0:{}s:12:\"\0*\0withCount\";a:0:{}s:10:\"\0*\0perPage\";i:15;s:6:\"exists\";b:1;s:18:\"wasRecentlyCreated\";b:0;s:13:\"\0*\0attributes\";a:13:{s:2:\"id\";i:19;s:7:\"part_no\";s:7:\"A33K091\";s:4:\"name\";s:6:\"TN 513\";s:11:\"description\";s:71:\"TN 513- 22,900 page Toner Cartridge. Compatible with BH 454e & BH 554e.\";s:11:\"category_id\";i:4;s:5:\"image\";s:62:\"storage/products/VOjyXPNHia5p4jsjocjSonFST4DO4N7PdneKFOEp.jpeg\";s:13:\"default_price\";s:8:\"14000.00\";s:6:\"status\";i:1;s:9:\"vat_apply\";i:1;s:3:\"vat\";d:15;s:7:\"user_id\";s:1:\"1\";s:10:\"created_at\";s:19:\"2017-05-08 05:03:00\";s:10:\"updated_at\";s:19:\"2017-05-08 05:03:00\";}s:11:\"\0*\0original\";a:13:{s:2:\"id\";i:19;s:7:\"part_no\";s:7:\"A33K091\";s:4:\"name\";s:6:\"TN 513\";s:11:\"description\";s:71:\"TN 513- 22,900 page Toner Cartridge. Compatible with BH 454e & BH 554e.\";s:11:\"category_id\";i:4;s:5:\"image\";s:62:\"storage/products/VOjyXPNHia5p4jsjocjSonFST4DO4N7PdneKFOEp.jpeg\";s:13:\"default_price\";s:8:\"14000.00\";s:6:\"status\";i:1;s:9:\"vat_apply\";i:1;s:3:\"vat\";d:15;s:7:\"user_id\";s:1:\"1\";s:10:\"created_at\";s:19:\"2017-05-08 05:03:00\";s:10:\"updated_at\";s:19:\"2017-05-08 05:03:00\";}s:8:\"\0*\0casts\";a:0:{}s:8:\"\0*\0dates\";a:0:{}s:13:\"\0*\0dateFormat\";N;s:10:\"\0*\0appends\";a:0:{}s:9:\"\0*\0events\";a:0:{}s:14:\"\0*\0observables\";a:0:{}s:12:\"\0*\0relations\";a:0:{}s:10:\"\0*\0touches\";a:0:{}s:10:\"timestamps\";b:1;s:9:\"\0*\0hidden\";a:0:{}s:10:\"\0*\0visible\";a:0:{}s:10:\"\0*\0guarded\";a:1:{i:0;s:1:\"*\";}}}}s:8:\"totalQty\";i:1;s:10:\"totalPrice\";d:11500;}','Lakmal Karanduwawala','Private pp','+94772604480','','sdkfvndskjfbnkhsdf',NULL,NULL,12,'P',NULL,NULL,NULL,NULL),(32,'2017-08-03 22:50:37','2017-08-03 22:50:37',10,'O:10:\"App\\Bucket\":3:{s:5:\"items\";a:5:{s:6:\"60201A\";a:3:{s:3:\"qty\";s:1:\"1\";s:5:\"price\";d:3450;s:4:\"item\";O:11:\"App\\Product\":25:{s:11:\"\0*\0fillable\";a:10:{i:0;s:7:\"part_no\";i:1;s:4:\"name\";i:2;s:11:\"description\";i:3;s:11:\"category_id\";i:4;s:5:\"image\";i:5;s:13:\"default_price\";i:6;s:7:\"user_id\";i:7;s:6:\"status\";i:8;s:3:\"vat\";i:9;s:9:\"vat_apply\";}s:13:\"\0*\0connection\";s:5:\"mysql\";s:8:\"\0*\0table\";N;s:13:\"\0*\0primaryKey\";s:2:\"id\";s:10:\"\0*\0keyType\";s:3:\"int\";s:12:\"incrementing\";b:1;s:7:\"\0*\0with\";a:0:{}s:12:\"\0*\0withCount\";a:0:{}s:10:\"\0*\0perPage\";i:15;s:6:\"exists\";b:1;s:18:\"wasRecentlyCreated\";b:0;s:13:\"\0*\0attributes\";a:13:{s:2:\"id\";i:13;s:7:\"part_no\";s:6:\"60201A\";s:4:\"name\";s:20:\"PB2 Ribbon Cartridge\";s:11:\"description\";s:31:\"Impact Printer Ribbon Cartridge\";s:11:\"category_id\";i:1;s:5:\"image\";s:62:\"storage/products/hqwahLomSOzR493tw6yuR3LeAQMAaELE1RuT4wa2.jpeg\";s:13:\"default_price\";s:7:\"2500.00\";s:6:\"status\";i:1;s:9:\"vat_apply\";i:1;s:3:\"vat\";d:15;s:7:\"user_id\";s:1:\"1\";s:10:\"created_at\";s:19:\"2017-05-08 04:49:00\";s:10:\"updated_at\";s:19:\"2017-05-08 04:49:00\";}s:11:\"\0*\0original\";a:13:{s:2:\"id\";i:13;s:7:\"part_no\";s:6:\"60201A\";s:4:\"name\";s:20:\"PB2 Ribbon Cartridge\";s:11:\"description\";s:31:\"Impact Printer Ribbon Cartridge\";s:11:\"category_id\";i:1;s:5:\"image\";s:62:\"storage/products/hqwahLomSOzR493tw6yuR3LeAQMAaELE1RuT4wa2.jpeg\";s:13:\"default_price\";s:7:\"2500.00\";s:6:\"status\";i:1;s:9:\"vat_apply\";i:1;s:3:\"vat\";d:15;s:7:\"user_id\";s:1:\"1\";s:10:\"created_at\";s:19:\"2017-05-08 04:49:00\";s:10:\"updated_at\";s:19:\"2017-05-08 04:49:00\";}s:8:\"\0*\0casts\";a:0:{}s:8:\"\0*\0dates\";a:0:{}s:13:\"\0*\0dateFormat\";N;s:10:\"\0*\0appends\";a:0:{}s:9:\"\0*\0events\";a:0:{}s:14:\"\0*\0observables\";a:0:{}s:12:\"\0*\0relations\";a:0:{}s:10:\"\0*\0touches\";a:0:{}s:10:\"timestamps\";b:1;s:9:\"\0*\0hidden\";a:0:{}s:10:\"\0*\0visible\";a:0:{}s:10:\"\0*\0guarded\";a:1:{i:0;s:1:\"*\";}}}s:7:\"A33K091\";a:3:{s:3:\"qty\";s:1:\"1\";s:5:\"price\";d:11500;s:4:\"item\";O:11:\"App\\Product\":25:{s:11:\"\0*\0fillable\";a:10:{i:0;s:7:\"part_no\";i:1;s:4:\"name\";i:2;s:11:\"description\";i:3;s:11:\"category_id\";i:4;s:5:\"image\";i:5;s:13:\"default_price\";i:6;s:7:\"user_id\";i:7;s:6:\"status\";i:8;s:3:\"vat\";i:9;s:9:\"vat_apply\";}s:13:\"\0*\0connection\";s:5:\"mysql\";s:8:\"\0*\0table\";N;s:13:\"\0*\0primaryKey\";s:2:\"id\";s:10:\"\0*\0keyType\";s:3:\"int\";s:12:\"incrementing\";b:1;s:7:\"\0*\0with\";a:0:{}s:12:\"\0*\0withCount\";a:0:{}s:10:\"\0*\0perPage\";i:15;s:6:\"exists\";b:1;s:18:\"wasRecentlyCreated\";b:0;s:13:\"\0*\0attributes\";a:13:{s:2:\"id\";i:19;s:7:\"part_no\";s:7:\"A33K091\";s:4:\"name\";s:6:\"TN 513\";s:11:\"description\";s:71:\"TN 513- 22,900 page Toner Cartridge. Compatible with BH 454e & BH 554e.\";s:11:\"category_id\";i:4;s:5:\"image\";s:62:\"storage/products/VOjyXPNHia5p4jsjocjSonFST4DO4N7PdneKFOEp.jpeg\";s:13:\"default_price\";s:8:\"14000.00\";s:6:\"status\";i:1;s:9:\"vat_apply\";i:1;s:3:\"vat\";d:15;s:7:\"user_id\";s:1:\"1\";s:10:\"created_at\";s:19:\"2017-05-08 05:03:00\";s:10:\"updated_at\";s:19:\"2017-05-08 05:03:00\";}s:11:\"\0*\0original\";a:13:{s:2:\"id\";i:19;s:7:\"part_no\";s:7:\"A33K091\";s:4:\"name\";s:6:\"TN 513\";s:11:\"description\";s:71:\"TN 513- 22,900 page Toner Cartridge. Compatible with BH 454e & BH 554e.\";s:11:\"category_id\";i:4;s:5:\"image\";s:62:\"storage/products/VOjyXPNHia5p4jsjocjSonFST4DO4N7PdneKFOEp.jpeg\";s:13:\"default_price\";s:8:\"14000.00\";s:6:\"status\";i:1;s:9:\"vat_apply\";i:1;s:3:\"vat\";d:15;s:7:\"user_id\";s:1:\"1\";s:10:\"created_at\";s:19:\"2017-05-08 05:03:00\";s:10:\"updated_at\";s:19:\"2017-05-08 05:03:00\";}s:8:\"\0*\0casts\";a:0:{}s:8:\"\0*\0dates\";a:0:{}s:13:\"\0*\0dateFormat\";N;s:10:\"\0*\0appends\";a:0:{}s:9:\"\0*\0events\";a:0:{}s:14:\"\0*\0observables\";a:0:{}s:12:\"\0*\0relations\";a:0:{}s:10:\"\0*\0touches\";a:0:{}s:10:\"timestamps\";b:1;s:9:\"\0*\0hidden\";a:0:{}s:10:\"\0*\0visible\";a:0:{}s:10:\"\0*\0guarded\";a:1:{i:0;s:1:\"*\";}}}s:7:\"13L0034\";a:3:{s:3:\"qty\";s:1:\"1\";s:5:\"price\";d:8050;s:4:\"item\";O:11:\"App\\Product\":25:{s:11:\"\0*\0fillable\";a:10:{i:0;s:7:\"part_no\";i:1;s:4:\"name\";i:2;s:11:\"description\";i:3;s:11:\"category_id\";i:4;s:5:\"image\";i:5;s:13:\"default_price\";i:6;s:7:\"user_id\";i:7;s:6:\"status\";i:8;s:3:\"vat\";i:9;s:9:\"vat_apply\";}s:13:\"\0*\0connection\";s:5:\"mysql\";s:8:\"\0*\0table\";N;s:13:\"\0*\0primaryKey\";s:2:\"id\";s:10:\"\0*\0keyType\";s:3:\"int\";s:12:\"incrementing\";b:1;s:7:\"\0*\0with\";a:0:{}s:12:\"\0*\0withCount\";a:0:{}s:10:\"\0*\0perPage\";i:15;s:6:\"exists\";b:1;s:18:\"wasRecentlyCreated\";b:0;s:13:\"\0*\0attributes\";a:13:{s:2:\"id\";i:9;s:7:\"part_no\";s:7:\"13L0034\";s:4:\"name\";s:18:\"4227, 4227+ Ribbon\";s:11:\"description\";s:106:\"Dot-matrix Printer Ribbon. 15 million characters in Draft mode. Compatible with Forms Printer 4227, 4227+.\";s:11:\"category_id\";i:8;s:5:\"image\";s:62:\"storage/products/Rr9j7sl4PWXVKXY7M0sq7tXsRTbTaxGAjxcIPTzU.jpeg\";s:13:\"default_price\";s:7:\"7950.00\";s:6:\"status\";i:1;s:9:\"vat_apply\";i:1;s:3:\"vat\";d:15;s:7:\"user_id\";s:1:\"1\";s:10:\"created_at\";s:19:\"2017-05-08 04:43:24\";s:10:\"updated_at\";s:19:\"2017-05-08 04:43:24\";}s:11:\"\0*\0original\";a:13:{s:2:\"id\";i:9;s:7:\"part_no\";s:7:\"13L0034\";s:4:\"name\";s:18:\"4227, 4227+ Ribbon\";s:11:\"description\";s:106:\"Dot-matrix Printer Ribbon. 15 million characters in Draft mode. Compatible with Forms Printer 4227, 4227+.\";s:11:\"category_id\";i:8;s:5:\"image\";s:62:\"storage/products/Rr9j7sl4PWXVKXY7M0sq7tXsRTbTaxGAjxcIPTzU.jpeg\";s:13:\"default_price\";s:7:\"7950.00\";s:6:\"status\";i:1;s:9:\"vat_apply\";i:1;s:3:\"vat\";d:15;s:7:\"user_id\";s:1:\"1\";s:10:\"created_at\";s:19:\"2017-05-08 04:43:24\";s:10:\"updated_at\";s:19:\"2017-05-08 04:43:24\";}s:8:\"\0*\0casts\";a:0:{}s:8:\"\0*\0dates\";a:0:{}s:13:\"\0*\0dateFormat\";N;s:10:\"\0*\0appends\";a:0:{}s:9:\"\0*\0events\";a:0:{}s:14:\"\0*\0observables\";a:0:{}s:12:\"\0*\0relations\";a:0:{}s:10:\"\0*\0touches\";a:0:{}s:10:\"timestamps\";b:1;s:9:\"\0*\0hidden\";a:0:{}s:10:\"\0*\0visible\";a:0:{}s:10:\"\0*\0guarded\";a:1:{i:0;s:1:\"*\";}}}s:8:\"E260A11P\";a:3:{s:3:\"qty\";s:1:\"1\";s:5:\"price\";d:15000;s:4:\"item\";O:11:\"App\\Product\":25:{s:11:\"\0*\0fillable\";a:10:{i:0;s:7:\"part_no\";i:1;s:4:\"name\";i:2;s:11:\"description\";i:3;s:11:\"category_id\";i:4;s:5:\"image\";i:5;s:13:\"default_price\";i:6;s:7:\"user_id\";i:7;s:6:\"status\";i:8;s:3:\"vat\";i:9;s:9:\"vat_apply\";}s:13:\"\0*\0connection\";s:5:\"mysql\";s:8:\"\0*\0table\";N;s:13:\"\0*\0primaryKey\";s:2:\"id\";s:10:\"\0*\0keyType\";s:3:\"int\";s:12:\"incrementing\";b:1;s:7:\"\0*\0with\";a:0:{}s:12:\"\0*\0withCount\";a:0:{}s:10:\"\0*\0perPage\";i:15;s:6:\"exists\";b:1;s:18:\"wasRecentlyCreated\";b:0;s:13:\"\0*\0attributes\";a:13:{s:2:\"id\";i:6;s:7:\"part_no\";s:8:\"E260A11P\";s:4:\"name\";s:47:\"E260, E360, E460 Return Program Toner Cartridge\";s:11:\"description\";s:75:\"3,500 standard pages Declared yield value in accordance with ISO/IEC 19752.\";s:11:\"category_id\";i:8;s:5:\"image\";s:62:\"storage/products/FcQ64rOviVsHAjQuhj1QNAB15Xna7rK8S5C79Hzu.jpeg\";s:13:\"default_price\";s:8:\"21500.00\";s:6:\"status\";i:1;s:9:\"vat_apply\";i:0;s:3:\"vat\";N;s:7:\"user_id\";s:1:\"1\";s:10:\"created_at\";s:19:\"2017-05-08 04:41:01\";s:10:\"updated_at\";s:19:\"2017-05-08 04:41:01\";}s:11:\"\0*\0original\";a:13:{s:2:\"id\";i:6;s:7:\"part_no\";s:8:\"E260A11P\";s:4:\"name\";s:47:\"E260, E360, E460 Return Program Toner Cartridge\";s:11:\"description\";s:75:\"3,500 standard pages Declared yield value in accordance with ISO/IEC 19752.\";s:11:\"category_id\";i:8;s:5:\"image\";s:62:\"storage/products/FcQ64rOviVsHAjQuhj1QNAB15Xna7rK8S5C79Hzu.jpeg\";s:13:\"default_price\";s:8:\"21500.00\";s:6:\"status\";i:1;s:9:\"vat_apply\";i:0;s:3:\"vat\";N;s:7:\"user_id\";s:1:\"1\";s:10:\"created_at\";s:19:\"2017-05-08 04:41:01\";s:10:\"updated_at\";s:19:\"2017-05-08 04:41:01\";}s:8:\"\0*\0casts\";a:0:{}s:8:\"\0*\0dates\";a:0:{}s:13:\"\0*\0dateFormat\";N;s:10:\"\0*\0appends\";a:0:{}s:9:\"\0*\0events\";a:0:{}s:14:\"\0*\0observables\";a:0:{}s:12:\"\0*\0relations\";a:0:{}s:10:\"\0*\0touches\";a:0:{}s:10:\"timestamps\";b:1;s:9:\"\0*\0hidden\";a:0:{}s:10:\"\0*\0visible\";a:0:{}s:10:\"\0*\0guarded\";a:1:{i:0;s:1:\"*\";}}}s:7:\"60F3H0E\";a:3:{s:3:\"qty\";s:1:\"1\";s:5:\"price\";d:57500;s:4:\"item\";O:11:\"App\\Product\":25:{s:11:\"\0*\0fillable\";a:10:{i:0;s:7:\"part_no\";i:1;s:4:\"name\";i:2;s:11:\"description\";i:3;s:11:\"category_id\";i:4;s:5:\"image\";i:5;s:13:\"default_price\";i:6;s:7:\"user_id\";i:7;s:6:\"status\";i:8;s:3:\"vat\";i:9;s:9:\"vat_apply\";}s:13:\"\0*\0connection\";s:5:\"mysql\";s:8:\"\0*\0table\";N;s:13:\"\0*\0primaryKey\";s:2:\"id\";s:10:\"\0*\0keyType\";s:3:\"int\";s:12:\"incrementing\";b:1;s:7:\"\0*\0with\";a:0:{}s:12:\"\0*\0withCount\";a:0:{}s:10:\"\0*\0perPage\";i:15;s:6:\"exists\";b:1;s:18:\"wasRecentlyCreated\";b:0;s:13:\"\0*\0attributes\";a:13:{s:2:\"id\";i:12;s:7:\"part_no\";s:7:\"60F3H0E\";s:4:\"name\";s:48:\"603HE Black High Yield Corporate Toner Cartridge\";s:11:\"description\";s:138:\"10,000 standard pages Declared yield value in accordance with ISO/IEC 19752. Compatible with MX310dn, MX410de, MX51x series, MX61x series.\";s:11:\"category_id\";i:8;s:5:\"image\";s:62:\"storage/products/AgBub1LahJbDkFibtcsthhqT6cCx4Eu7Ifq5YxBo.jpeg\";s:13:\"default_price\";s:8:\"41500.00\";s:6:\"status\";i:1;s:9:\"vat_apply\";i:1;s:3:\"vat\";d:15;s:7:\"user_id\";s:1:\"1\";s:10:\"created_at\";s:19:\"2017-05-08 04:46:30\";s:10:\"updated_at\";s:19:\"2017-05-08 04:46:30\";}s:11:\"\0*\0original\";a:13:{s:2:\"id\";i:12;s:7:\"part_no\";s:7:\"60F3H0E\";s:4:\"name\";s:48:\"603HE Black High Yield Corporate Toner Cartridge\";s:11:\"description\";s:138:\"10,000 standard pages Declared yield value in accordance with ISO/IEC 19752. Compatible with MX310dn, MX410de, MX51x series, MX61x series.\";s:11:\"category_id\";i:8;s:5:\"image\";s:62:\"storage/products/AgBub1LahJbDkFibtcsthhqT6cCx4Eu7Ifq5YxBo.jpeg\";s:13:\"default_price\";s:8:\"41500.00\";s:6:\"status\";i:1;s:9:\"vat_apply\";i:1;s:3:\"vat\";d:15;s:7:\"user_id\";s:1:\"1\";s:10:\"created_at\";s:19:\"2017-05-08 04:46:30\";s:10:\"updated_at\";s:19:\"2017-05-08 04:46:30\";}s:8:\"\0*\0casts\";a:0:{}s:8:\"\0*\0dates\";a:0:{}s:13:\"\0*\0dateFormat\";N;s:10:\"\0*\0appends\";a:0:{}s:9:\"\0*\0events\";a:0:{}s:14:\"\0*\0observables\";a:0:{}s:12:\"\0*\0relations\";a:0:{}s:10:\"\0*\0touches\";a:0:{}s:10:\"timestamps\";b:1;s:9:\"\0*\0hidden\";a:0:{}s:10:\"\0*\0visible\";a:0:{}s:10:\"\0*\0guarded\";a:1:{i:0;s:1:\"*\";}}}}s:8:\"totalQty\";i:5;s:10:\"totalPrice\";d:95500;}',',Karanduwawala','ProIT','+94772604480','',NULL,NULL,NULL,12,'P',NULL,NULL,NULL,NULL),(33,'2017-08-07 22:20:48','2017-08-07 22:20:48',13,'O:10:\"App\\Bucket\":3:{s:5:\"items\";a:2:{i:885473;a:3:{s:3:\"qty\";s:1:\"1\";s:5:\"price\";d:8050;s:4:\"item\";O:11:\"App\\Product\":25:{s:11:\"\0*\0fillable\";a:10:{i:0;s:7:\"part_no\";i:1;s:4:\"name\";i:2;s:11:\"description\";i:3;s:11:\"category_id\";i:4;s:5:\"image\";i:5;s:13:\"default_price\";i:6;s:7:\"user_id\";i:7;s:6:\"status\";i:8;s:3:\"vat\";i:9;s:9:\"vat_apply\";}s:13:\"\0*\0connection\";s:5:\"mysql\";s:8:\"\0*\0table\";N;s:13:\"\0*\0primaryKey\";s:2:\"id\";s:10:\"\0*\0keyType\";s:3:\"int\";s:12:\"incrementing\";b:1;s:7:\"\0*\0with\";a:0:{}s:12:\"\0*\0withCount\";a:0:{}s:10:\"\0*\0perPage\";i:15;s:6:\"exists\";b:1;s:18:\"wasRecentlyCreated\";b:0;s:13:\"\0*\0attributes\";a:13:{s:2:\"id\";i:27;s:7:\"part_no\";s:6:\"885473\";s:4:\"name\";s:73:\"Toner Cartridge - MP 1500 / 1600Le / 1800Le / 2000Le / 2015 / 2016 / 2018\";s:11:\"description\";s:25:\"9,000 pages @ 5% coverage\";s:11:\"category_id\";i:12;s:5:\"image\";s:62:\"storage/products/vQRfuYsisUrOF3idTQF438FCsB3LJw7V58F47SGG.jpeg\";s:13:\"default_price\";s:7:\"5200.00\";s:6:\"status\";i:1;s:9:\"vat_apply\";i:1;s:3:\"vat\";d:15;s:7:\"user_id\";s:1:\"1\";s:10:\"created_at\";s:19:\"2017-06-06 08:48:15\";s:10:\"updated_at\";s:19:\"2017-06-06 08:48:15\";}s:11:\"\0*\0original\";a:13:{s:2:\"id\";i:27;s:7:\"part_no\";s:6:\"885473\";s:4:\"name\";s:73:\"Toner Cartridge - MP 1500 / 1600Le / 1800Le / 2000Le / 2015 / 2016 / 2018\";s:11:\"description\";s:25:\"9,000 pages @ 5% coverage\";s:11:\"category_id\";i:12;s:5:\"image\";s:62:\"storage/products/vQRfuYsisUrOF3idTQF438FCsB3LJw7V58F47SGG.jpeg\";s:13:\"default_price\";s:7:\"5200.00\";s:6:\"status\";i:1;s:9:\"vat_apply\";i:1;s:3:\"vat\";d:15;s:7:\"user_id\";s:1:\"1\";s:10:\"created_at\";s:19:\"2017-06-06 08:48:15\";s:10:\"updated_at\";s:19:\"2017-06-06 08:48:15\";}s:8:\"\0*\0casts\";a:0:{}s:8:\"\0*\0dates\";a:0:{}s:13:\"\0*\0dateFormat\";N;s:10:\"\0*\0appends\";a:0:{}s:9:\"\0*\0events\";a:0:{}s:14:\"\0*\0observables\";a:0:{}s:12:\"\0*\0relations\";a:0:{}s:10:\"\0*\0touches\";a:0:{}s:10:\"timestamps\";b:1;s:9:\"\0*\0hidden\";a:0:{}s:10:\"\0*\0visible\";a:0:{}s:10:\"\0*\0guarded\";a:1:{i:0;s:1:\"*\";}}}i:3070166;a:3:{s:3:\"qty\";s:1:\"1\";s:5:\"price\";d:2242.5;s:4:\"item\";O:11:\"App\\Product\":25:{s:11:\"\0*\0fillable\";a:10:{i:0;s:7:\"part_no\";i:1;s:4:\"name\";i:2;s:11:\"description\";i:3;s:11:\"category_id\";i:4;s:5:\"image\";i:5;s:13:\"default_price\";i:6;s:7:\"user_id\";i:7;s:6:\"status\";i:8;s:3:\"vat\";i:9;s:9:\"vat_apply\";}s:13:\"\0*\0connection\";s:5:\"mysql\";s:8:\"\0*\0table\";N;s:13:\"\0*\0primaryKey\";s:2:\"id\";s:10:\"\0*\0keyType\";s:3:\"int\";s:12:\"incrementing\";b:1;s:7:\"\0*\0with\";a:0:{}s:12:\"\0*\0withCount\";a:0:{}s:10:\"\0*\0perPage\";i:15;s:6:\"exists\";b:1;s:18:\"wasRecentlyCreated\";b:0;s:13:\"\0*\0attributes\";a:13:{s:2:\"id\";i:8;s:7:\"part_no\";s:7:\"3070166\";s:4:\"name\";s:37:\"Standard Yield Black Re-inking Ribbon\";s:11:\"description\";s:142:\"Dot-matrix Printer Ribbon. 4 million characters @ draft 10 pitch. Compatible with Forms Printer 23xx series, 24xx series, 25xx / 25xx+ series.\";s:11:\"category_id\";i:8;s:5:\"image\";s:62:\"storage/products/x02so39MGET1DebwCNEA4gBjv3Qjujw8tAWWjbRG.jpeg\";s:13:\"default_price\";s:7:\"2400.00\";s:6:\"status\";i:1;s:9:\"vat_apply\";i:1;s:3:\"vat\";d:15;s:7:\"user_id\";s:1:\"1\";s:10:\"created_at\";s:19:\"2017-05-08 04:42:47\";s:10:\"updated_at\";s:19:\"2017-05-08 04:42:47\";}s:11:\"\0*\0original\";a:13:{s:2:\"id\";i:8;s:7:\"part_no\";s:7:\"3070166\";s:4:\"name\";s:37:\"Standard Yield Black Re-inking Ribbon\";s:11:\"description\";s:142:\"Dot-matrix Printer Ribbon. 4 million characters @ draft 10 pitch. Compatible with Forms Printer 23xx series, 24xx series, 25xx / 25xx+ series.\";s:11:\"category_id\";i:8;s:5:\"image\";s:62:\"storage/products/x02so39MGET1DebwCNEA4gBjv3Qjujw8tAWWjbRG.jpeg\";s:13:\"default_price\";s:7:\"2400.00\";s:6:\"status\";i:1;s:9:\"vat_apply\";i:1;s:3:\"vat\";d:15;s:7:\"user_id\";s:1:\"1\";s:10:\"created_at\";s:19:\"2017-05-08 04:42:47\";s:10:\"updated_at\";s:19:\"2017-05-08 04:42:47\";}s:8:\"\0*\0casts\";a:0:{}s:8:\"\0*\0dates\";a:0:{}s:13:\"\0*\0dateFormat\";N;s:10:\"\0*\0appends\";a:0:{}s:9:\"\0*\0events\";a:0:{}s:14:\"\0*\0observables\";a:0:{}s:12:\"\0*\0relations\";a:0:{}s:10:\"\0*\0touches\";a:0:{}s:10:\"timestamps\";b:1;s:9:\"\0*\0hidden\";a:0:{}s:10:\"\0*\0visible\";a:0:{}s:10:\"\0*\0guarded\";a:1:{i:0;s:1:\"*\";}}}}s:8:\"totalQty\";i:2;s:10:\"totalPrice\";d:10292.5;}','Ms. Upeka Sirikumara','Kandy','+94812222222','2nd Floor, \r\n267, Kings Street, \r\nKandy,\r\nSri Lanka.','svn\r\nsdovn\r\nskjbn\r\nsdkjvn\r\nsdlvkjn\r\nsldvjn','storage/checkout/1I67EVLMh0RVpSPI8DpSad490LGzPPl7LJ8AFpam.xlsx',NULL,12,'P','Ms. Thilanka Kasun','ProIT','+94764444444','91A,\r\nIsipathana Mawatha,\r\nColombo 5, \r\nSri Lanka'),(34,'2017-08-08 00:34:42','2017-08-08 00:34:42',13,'O:10:\"App\\Bucket\":3:{s:5:\"items\";a:3:{i:3070166;a:3:{s:3:\"qty\";s:1:\"1\";s:5:\"price\";d:2242.5;s:4:\"item\";O:11:\"App\\Product\":25:{s:11:\"\0*\0fillable\";a:10:{i:0;s:7:\"part_no\";i:1;s:4:\"name\";i:2;s:11:\"description\";i:3;s:11:\"category_id\";i:4;s:5:\"image\";i:5;s:13:\"default_price\";i:6;s:7:\"user_id\";i:7;s:6:\"status\";i:8;s:3:\"vat\";i:9;s:9:\"vat_apply\";}s:13:\"\0*\0connection\";s:5:\"mysql\";s:8:\"\0*\0table\";N;s:13:\"\0*\0primaryKey\";s:2:\"id\";s:10:\"\0*\0keyType\";s:3:\"int\";s:12:\"incrementing\";b:1;s:7:\"\0*\0with\";a:0:{}s:12:\"\0*\0withCount\";a:0:{}s:10:\"\0*\0perPage\";i:15;s:6:\"exists\";b:1;s:18:\"wasRecentlyCreated\";b:0;s:13:\"\0*\0attributes\";a:13:{s:2:\"id\";i:8;s:7:\"part_no\";s:7:\"3070166\";s:4:\"name\";s:37:\"Standard Yield Black Re-inking Ribbon\";s:11:\"description\";s:142:\"Dot-matrix Printer Ribbon. 4 million characters @ draft 10 pitch. Compatible with Forms Printer 23xx series, 24xx series, 25xx / 25xx+ series.\";s:11:\"category_id\";i:8;s:5:\"image\";s:62:\"storage/products/x02so39MGET1DebwCNEA4gBjv3Qjujw8tAWWjbRG.jpeg\";s:13:\"default_price\";s:7:\"2400.00\";s:6:\"status\";i:1;s:9:\"vat_apply\";i:1;s:3:\"vat\";d:15;s:7:\"user_id\";s:1:\"1\";s:10:\"created_at\";s:19:\"2017-05-08 04:42:47\";s:10:\"updated_at\";s:19:\"2017-05-08 04:42:47\";}s:11:\"\0*\0original\";a:13:{s:2:\"id\";i:8;s:7:\"part_no\";s:7:\"3070166\";s:4:\"name\";s:37:\"Standard Yield Black Re-inking Ribbon\";s:11:\"description\";s:142:\"Dot-matrix Printer Ribbon. 4 million characters @ draft 10 pitch. Compatible with Forms Printer 23xx series, 24xx series, 25xx / 25xx+ series.\";s:11:\"category_id\";i:8;s:5:\"image\";s:62:\"storage/products/x02so39MGET1DebwCNEA4gBjv3Qjujw8tAWWjbRG.jpeg\";s:13:\"default_price\";s:7:\"2400.00\";s:6:\"status\";i:1;s:9:\"vat_apply\";i:1;s:3:\"vat\";d:15;s:7:\"user_id\";s:1:\"1\";s:10:\"created_at\";s:19:\"2017-05-08 04:42:47\";s:10:\"updated_at\";s:19:\"2017-05-08 04:42:47\";}s:8:\"\0*\0casts\";a:0:{}s:8:\"\0*\0dates\";a:0:{}s:13:\"\0*\0dateFormat\";N;s:10:\"\0*\0appends\";a:0:{}s:9:\"\0*\0events\";a:0:{}s:14:\"\0*\0observables\";a:0:{}s:12:\"\0*\0relations\";a:0:{}s:10:\"\0*\0touches\";a:0:{}s:10:\"timestamps\";b:1;s:9:\"\0*\0hidden\";a:0:{}s:10:\"\0*\0visible\";a:0:{}s:10:\"\0*\0guarded\";a:1:{i:0;s:1:\"*\";}}}s:8:\"E260A11P\";a:3:{s:3:\"qty\";s:1:\"1\";s:5:\"price\";d:10500;s:4:\"item\";O:11:\"App\\Product\":25:{s:11:\"\0*\0fillable\";a:10:{i:0;s:7:\"part_no\";i:1;s:4:\"name\";i:2;s:11:\"description\";i:3;s:11:\"category_id\";i:4;s:5:\"image\";i:5;s:13:\"default_price\";i:6;s:7:\"user_id\";i:7;s:6:\"status\";i:8;s:3:\"vat\";i:9;s:9:\"vat_apply\";}s:13:\"\0*\0connection\";s:5:\"mysql\";s:8:\"\0*\0table\";N;s:13:\"\0*\0primaryKey\";s:2:\"id\";s:10:\"\0*\0keyType\";s:3:\"int\";s:12:\"incrementing\";b:1;s:7:\"\0*\0with\";a:0:{}s:12:\"\0*\0withCount\";a:0:{}s:10:\"\0*\0perPage\";i:15;s:6:\"exists\";b:1;s:18:\"wasRecentlyCreated\";b:0;s:13:\"\0*\0attributes\";a:13:{s:2:\"id\";i:6;s:7:\"part_no\";s:8:\"E260A11P\";s:4:\"name\";s:47:\"E260, E360, E460 Return Program Toner Cartridge\";s:11:\"description\";s:75:\"3,500 standard pages Declared yield value in accordance with ISO/IEC 19752.\";s:11:\"category_id\";i:8;s:5:\"image\";s:62:\"storage/products/FcQ64rOviVsHAjQuhj1QNAB15Xna7rK8S5C79Hzu.jpeg\";s:13:\"default_price\";s:8:\"21500.00\";s:6:\"status\";i:1;s:9:\"vat_apply\";i:0;s:3:\"vat\";N;s:7:\"user_id\";s:1:\"1\";s:10:\"created_at\";s:19:\"2017-05-08 04:41:01\";s:10:\"updated_at\";s:19:\"2017-05-08 04:41:01\";}s:11:\"\0*\0original\";a:13:{s:2:\"id\";i:6;s:7:\"part_no\";s:8:\"E260A11P\";s:4:\"name\";s:47:\"E260, E360, E460 Return Program Toner Cartridge\";s:11:\"description\";s:75:\"3,500 standard pages Declared yield value in accordance with ISO/IEC 19752.\";s:11:\"category_id\";i:8;s:5:\"image\";s:62:\"storage/products/FcQ64rOviVsHAjQuhj1QNAB15Xna7rK8S5C79Hzu.jpeg\";s:13:\"default_price\";s:8:\"21500.00\";s:6:\"status\";i:1;s:9:\"vat_apply\";i:0;s:3:\"vat\";N;s:7:\"user_id\";s:1:\"1\";s:10:\"created_at\";s:19:\"2017-05-08 04:41:01\";s:10:\"updated_at\";s:19:\"2017-05-08 04:41:01\";}s:8:\"\0*\0casts\";a:0:{}s:8:\"\0*\0dates\";a:0:{}s:13:\"\0*\0dateFormat\";N;s:10:\"\0*\0appends\";a:0:{}s:9:\"\0*\0events\";a:0:{}s:14:\"\0*\0observables\";a:0:{}s:12:\"\0*\0relations\";a:0:{}s:10:\"\0*\0touches\";a:0:{}s:10:\"timestamps\";b:1;s:9:\"\0*\0hidden\";a:0:{}s:10:\"\0*\0visible\";a:0:{}s:10:\"\0*\0guarded\";a:1:{i:0;s:1:\"*\";}}}s:8:\"E260X22G\";a:3:{s:3:\"qty\";s:1:\"1\";s:5:\"price\";d:6500;s:4:\"item\";O:11:\"App\\Product\":25:{s:11:\"\0*\0fillable\";a:10:{i:0;s:7:\"part_no\";i:1;s:4:\"name\";i:2;s:11:\"description\";i:3;s:11:\"category_id\";i:4;s:5:\"image\";i:5;s:13:\"default_price\";i:6;s:7:\"user_id\";i:7;s:6:\"status\";i:8;s:3:\"vat\";i:9;s:9:\"vat_apply\";}s:13:\"\0*\0connection\";s:5:\"mysql\";s:8:\"\0*\0table\";N;s:13:\"\0*\0primaryKey\";s:2:\"id\";s:10:\"\0*\0keyType\";s:3:\"int\";s:12:\"incrementing\";b:1;s:7:\"\0*\0with\";a:0:{}s:12:\"\0*\0withCount\";a:0:{}s:10:\"\0*\0perPage\";i:15;s:6:\"exists\";b:1;s:18:\"wasRecentlyCreated\";b:0;s:13:\"\0*\0attributes\";a:13:{s:2:\"id\";i:7;s:7:\"part_no\";s:8:\"E260X22G\";s:4:\"name\";s:53:\"E260, E360, E46x, X264, X36x, X46x Photoconductor Kit\";s:11:\"description\";s:30:\"30,000 page Photoconductor Kit\";s:11:\"category_id\";i:8;s:5:\"image\";s:62:\"storage/products/jgIahVBWxzsHKC6pQY2vLMbBYMuxtFXneuYn1hBL.jpeg\";s:13:\"default_price\";s:7:\"5500.00\";s:6:\"status\";i:1;s:9:\"vat_apply\";i:0;s:3:\"vat\";N;s:7:\"user_id\";s:1:\"1\";s:10:\"created_at\";s:19:\"2017-05-08 04:41:52\";s:10:\"updated_at\";s:19:\"2017-05-08 04:41:52\";}s:11:\"\0*\0original\";a:13:{s:2:\"id\";i:7;s:7:\"part_no\";s:8:\"E260X22G\";s:4:\"name\";s:53:\"E260, E360, E46x, X264, X36x, X46x Photoconductor Kit\";s:11:\"description\";s:30:\"30,000 page Photoconductor Kit\";s:11:\"category_id\";i:8;s:5:\"image\";s:62:\"storage/products/jgIahVBWxzsHKC6pQY2vLMbBYMuxtFXneuYn1hBL.jpeg\";s:13:\"default_price\";s:7:\"5500.00\";s:6:\"status\";i:1;s:9:\"vat_apply\";i:0;s:3:\"vat\";N;s:7:\"user_id\";s:1:\"1\";s:10:\"created_at\";s:19:\"2017-05-08 04:41:52\";s:10:\"updated_at\";s:19:\"2017-05-08 04:41:52\";}s:8:\"\0*\0casts\";a:0:{}s:8:\"\0*\0dates\";a:0:{}s:13:\"\0*\0dateFormat\";N;s:10:\"\0*\0appends\";a:0:{}s:9:\"\0*\0events\";a:0:{}s:14:\"\0*\0observables\";a:0:{}s:12:\"\0*\0relations\";a:0:{}s:10:\"\0*\0touches\";a:0:{}s:10:\"timestamps\";b:1;s:9:\"\0*\0hidden\";a:0:{}s:10:\"\0*\0visible\";a:0:{}s:10:\"\0*\0guarded\";a:1:{i:0;s:1:\"*\";}}}}s:8:\"totalQty\";i:3;s:10:\"totalPrice\";d:19242.5;}','Ms. Upeka Kumari(A)','Head Office(A)','+94766999999','2nd Floor-Right wing, \r\n267, Galle Road, \r\nColombo 03,\r\nSri Lanka.','This is the test part','storage/checkout/KFBjzIOdwF26SfHa3NGSGEKEKBcmzzfCzYoq83w8.txt',NULL,12,'P','Ms. Upeka Kumari(D)','Head Office(D)','+94766666666','2nd Floor-Left wing, \r\n267, Galle Road, \r\nColombo 03,\r\nSri Lanka.'),(35,'2017-08-08 00:42:35','2017-08-17 00:25:52',13,'O:10:\"App\\Bucket\":3:{s:5:\"items\";a:5:{i:3070166;a:3:{s:3:\"qty\";s:1:\"1\";s:5:\"price\";d:2242.5;s:4:\"item\";O:11:\"App\\Product\":25:{s:11:\"\0*\0fillable\";a:10:{i:0;s:7:\"part_no\";i:1;s:4:\"name\";i:2;s:11:\"description\";i:3;s:11:\"category_id\";i:4;s:5:\"image\";i:5;s:13:\"default_price\";i:6;s:7:\"user_id\";i:7;s:6:\"status\";i:8;s:3:\"vat\";i:9;s:9:\"vat_apply\";}s:13:\"\0*\0connection\";s:5:\"mysql\";s:8:\"\0*\0table\";N;s:13:\"\0*\0primaryKey\";s:2:\"id\";s:10:\"\0*\0keyType\";s:3:\"int\";s:12:\"incrementing\";b:1;s:7:\"\0*\0with\";a:0:{}s:12:\"\0*\0withCount\";a:0:{}s:10:\"\0*\0perPage\";i:15;s:6:\"exists\";b:1;s:18:\"wasRecentlyCreated\";b:0;s:13:\"\0*\0attributes\";a:13:{s:2:\"id\";i:8;s:7:\"part_no\";s:7:\"3070166\";s:4:\"name\";s:37:\"Standard Yield Black Re-inking Ribbon\";s:11:\"description\";s:142:\"Dot-matrix Printer Ribbon. 4 million characters @ draft 10 pitch. Compatible with Forms Printer 23xx series, 24xx series, 25xx / 25xx+ series.\";s:11:\"category_id\";i:8;s:5:\"image\";s:62:\"storage/products/x02so39MGET1DebwCNEA4gBjv3Qjujw8tAWWjbRG.jpeg\";s:13:\"default_price\";s:7:\"2400.00\";s:6:\"status\";i:1;s:9:\"vat_apply\";i:1;s:3:\"vat\";d:15;s:7:\"user_id\";s:1:\"1\";s:10:\"created_at\";s:19:\"2017-05-08 04:42:47\";s:10:\"updated_at\";s:19:\"2017-05-08 04:42:47\";}s:11:\"\0*\0original\";a:13:{s:2:\"id\";i:8;s:7:\"part_no\";s:7:\"3070166\";s:4:\"name\";s:37:\"Standard Yield Black Re-inking Ribbon\";s:11:\"description\";s:142:\"Dot-matrix Printer Ribbon. 4 million characters @ draft 10 pitch. Compatible with Forms Printer 23xx series, 24xx series, 25xx / 25xx+ series.\";s:11:\"category_id\";i:8;s:5:\"image\";s:62:\"storage/products/x02so39MGET1DebwCNEA4gBjv3Qjujw8tAWWjbRG.jpeg\";s:13:\"default_price\";s:7:\"2400.00\";s:6:\"status\";i:1;s:9:\"vat_apply\";i:1;s:3:\"vat\";d:15;s:7:\"user_id\";s:1:\"1\";s:10:\"created_at\";s:19:\"2017-05-08 04:42:47\";s:10:\"updated_at\";s:19:\"2017-05-08 04:42:47\";}s:8:\"\0*\0casts\";a:0:{}s:8:\"\0*\0dates\";a:0:{}s:13:\"\0*\0dateFormat\";N;s:10:\"\0*\0appends\";a:0:{}s:9:\"\0*\0events\";a:0:{}s:14:\"\0*\0observables\";a:0:{}s:12:\"\0*\0relations\";a:0:{}s:10:\"\0*\0touches\";a:0:{}s:10:\"timestamps\";b:1;s:9:\"\0*\0hidden\";a:0:{}s:10:\"\0*\0visible\";a:0:{}s:10:\"\0*\0guarded\";a:1:{i:0;s:1:\"*\";}}}s:8:\"E260A11P\";a:3:{s:3:\"qty\";s:1:\"1\";s:5:\"price\";d:10500;s:4:\"item\";O:11:\"App\\Product\":25:{s:11:\"\0*\0fillable\";a:10:{i:0;s:7:\"part_no\";i:1;s:4:\"name\";i:2;s:11:\"description\";i:3;s:11:\"category_id\";i:4;s:5:\"image\";i:5;s:13:\"default_price\";i:6;s:7:\"user_id\";i:7;s:6:\"status\";i:8;s:3:\"vat\";i:9;s:9:\"vat_apply\";}s:13:\"\0*\0connection\";s:5:\"mysql\";s:8:\"\0*\0table\";N;s:13:\"\0*\0primaryKey\";s:2:\"id\";s:10:\"\0*\0keyType\";s:3:\"int\";s:12:\"incrementing\";b:1;s:7:\"\0*\0with\";a:0:{}s:12:\"\0*\0withCount\";a:0:{}s:10:\"\0*\0perPage\";i:15;s:6:\"exists\";b:1;s:18:\"wasRecentlyCreated\";b:0;s:13:\"\0*\0attributes\";a:13:{s:2:\"id\";i:6;s:7:\"part_no\";s:8:\"E260A11P\";s:4:\"name\";s:47:\"E260, E360, E460 Return Program Toner Cartridge\";s:11:\"description\";s:75:\"3,500 standard pages Declared yield value in accordance with ISO/IEC 19752.\";s:11:\"category_id\";i:8;s:5:\"image\";s:62:\"storage/products/FcQ64rOviVsHAjQuhj1QNAB15Xna7rK8S5C79Hzu.jpeg\";s:13:\"default_price\";s:8:\"21500.00\";s:6:\"status\";i:1;s:9:\"vat_apply\";i:0;s:3:\"vat\";N;s:7:\"user_id\";s:1:\"1\";s:10:\"created_at\";s:19:\"2017-05-08 04:41:01\";s:10:\"updated_at\";s:19:\"2017-05-08 04:41:01\";}s:11:\"\0*\0original\";a:13:{s:2:\"id\";i:6;s:7:\"part_no\";s:8:\"E260A11P\";s:4:\"name\";s:47:\"E260, E360, E460 Return Program Toner Cartridge\";s:11:\"description\";s:75:\"3,500 standard pages Declared yield value in accordance with ISO/IEC 19752.\";s:11:\"category_id\";i:8;s:5:\"image\";s:62:\"storage/products/FcQ64rOviVsHAjQuhj1QNAB15Xna7rK8S5C79Hzu.jpeg\";s:13:\"default_price\";s:8:\"21500.00\";s:6:\"status\";i:1;s:9:\"vat_apply\";i:0;s:3:\"vat\";N;s:7:\"user_id\";s:1:\"1\";s:10:\"created_at\";s:19:\"2017-05-08 04:41:01\";s:10:\"updated_at\";s:19:\"2017-05-08 04:41:01\";}s:8:\"\0*\0casts\";a:0:{}s:8:\"\0*\0dates\";a:0:{}s:13:\"\0*\0dateFormat\";N;s:10:\"\0*\0appends\";a:0:{}s:9:\"\0*\0events\";a:0:{}s:14:\"\0*\0observables\";a:0:{}s:12:\"\0*\0relations\";a:0:{}s:10:\"\0*\0touches\";a:0:{}s:10:\"timestamps\";b:1;s:9:\"\0*\0hidden\";a:0:{}s:10:\"\0*\0visible\";a:0:{}s:10:\"\0*\0guarded\";a:1:{i:0;s:1:\"*\";}}}s:8:\"E260X22G\";a:3:{s:3:\"qty\";s:1:\"1\";s:5:\"price\";d:6500;s:4:\"item\";O:11:\"App\\Product\":25:{s:11:\"\0*\0fillable\";a:10:{i:0;s:7:\"part_no\";i:1;s:4:\"name\";i:2;s:11:\"description\";i:3;s:11:\"category_id\";i:4;s:5:\"image\";i:5;s:13:\"default_price\";i:6;s:7:\"user_id\";i:7;s:6:\"status\";i:8;s:3:\"vat\";i:9;s:9:\"vat_apply\";}s:13:\"\0*\0connection\";s:5:\"mysql\";s:8:\"\0*\0table\";N;s:13:\"\0*\0primaryKey\";s:2:\"id\";s:10:\"\0*\0keyType\";s:3:\"int\";s:12:\"incrementing\";b:1;s:7:\"\0*\0with\";a:0:{}s:12:\"\0*\0withCount\";a:0:{}s:10:\"\0*\0perPage\";i:15;s:6:\"exists\";b:1;s:18:\"wasRecentlyCreated\";b:0;s:13:\"\0*\0attributes\";a:13:{s:2:\"id\";i:7;s:7:\"part_no\";s:8:\"E260X22G\";s:4:\"name\";s:53:\"E260, E360, E46x, X264, X36x, X46x Photoconductor Kit\";s:11:\"description\";s:30:\"30,000 page Photoconductor Kit\";s:11:\"category_id\";i:8;s:5:\"image\";s:62:\"storage/products/jgIahVBWxzsHKC6pQY2vLMbBYMuxtFXneuYn1hBL.jpeg\";s:13:\"default_price\";s:7:\"5500.00\";s:6:\"status\";i:1;s:9:\"vat_apply\";i:0;s:3:\"vat\";N;s:7:\"user_id\";s:1:\"1\";s:10:\"created_at\";s:19:\"2017-05-08 04:41:52\";s:10:\"updated_at\";s:19:\"2017-05-08 04:41:52\";}s:11:\"\0*\0original\";a:13:{s:2:\"id\";i:7;s:7:\"part_no\";s:8:\"E260X22G\";s:4:\"name\";s:53:\"E260, E360, E46x, X264, X36x, X46x Photoconductor Kit\";s:11:\"description\";s:30:\"30,000 page Photoconductor Kit\";s:11:\"category_id\";i:8;s:5:\"image\";s:62:\"storage/products/jgIahVBWxzsHKC6pQY2vLMbBYMuxtFXneuYn1hBL.jpeg\";s:13:\"default_price\";s:7:\"5500.00\";s:6:\"status\";i:1;s:9:\"vat_apply\";i:0;s:3:\"vat\";N;s:7:\"user_id\";s:1:\"1\";s:10:\"created_at\";s:19:\"2017-05-08 04:41:52\";s:10:\"updated_at\";s:19:\"2017-05-08 04:41:52\";}s:8:\"\0*\0casts\";a:0:{}s:8:\"\0*\0dates\";a:0:{}s:13:\"\0*\0dateFormat\";N;s:10:\"\0*\0appends\";a:0:{}s:9:\"\0*\0events\";a:0:{}s:14:\"\0*\0observables\";a:0:{}s:12:\"\0*\0relations\";a:0:{}s:10:\"\0*\0touches\";a:0:{}s:10:\"timestamps\";b:1;s:9:\"\0*\0hidden\";a:0:{}s:10:\"\0*\0visible\";a:0:{}s:10:\"\0*\0guarded\";a:1:{i:0;s:1:\"*\";}}}s:7:\"50F3H0E\";a:3:{s:3:\"qty\";s:1:\"1\";s:5:\"price\";d:15850;s:4:\"item\";O:11:\"App\\Product\":25:{s:11:\"\0*\0fillable\";a:10:{i:0;s:7:\"part_no\";i:1;s:4:\"name\";i:2;s:11:\"description\";i:3;s:11:\"category_id\";i:4;s:5:\"image\";i:5;s:13:\"default_price\";i:6;s:7:\"user_id\";i:7;s:6:\"status\";i:8;s:3:\"vat\";i:9;s:9:\"vat_apply\";}s:13:\"\0*\0connection\";s:5:\"mysql\";s:8:\"\0*\0table\";N;s:13:\"\0*\0primaryKey\";s:2:\"id\";s:10:\"\0*\0keyType\";s:3:\"int\";s:12:\"incrementing\";b:1;s:7:\"\0*\0with\";a:0:{}s:12:\"\0*\0withCount\";a:0:{}s:10:\"\0*\0perPage\";i:15;s:6:\"exists\";b:1;s:18:\"wasRecentlyCreated\";b:0;s:13:\"\0*\0attributes\";a:13:{s:2:\"id\";i:5;s:7:\"part_no\";s:7:\"50F3H0E\";s:4:\"name\";s:46:\"503H High Yield Return Program Toner Cartridge\";s:11:\"description\";s:75:\"5,000 standard pages Declared yield value in accordance with ISO/IEC 19752.\";s:11:\"category_id\";i:8;s:5:\"image\";s:62:\"storage/products/jOMEeBMsJfoEsocYCgZY3YD596F1pKByJsLjNrp9.jpeg\";s:13:\"default_price\";s:8:\"27500.00\";s:6:\"status\";i:1;s:9:\"vat_apply\";i:0;s:3:\"vat\";N;s:7:\"user_id\";s:1:\"1\";s:10:\"created_at\";s:19:\"2017-05-08 04:38:11\";s:10:\"updated_at\";s:19:\"2017-05-08 04:38:11\";}s:11:\"\0*\0original\";a:13:{s:2:\"id\";i:5;s:7:\"part_no\";s:7:\"50F3H0E\";s:4:\"name\";s:46:\"503H High Yield Return Program Toner Cartridge\";s:11:\"description\";s:75:\"5,000 standard pages Declared yield value in accordance with ISO/IEC 19752.\";s:11:\"category_id\";i:8;s:5:\"image\";s:62:\"storage/products/jOMEeBMsJfoEsocYCgZY3YD596F1pKByJsLjNrp9.jpeg\";s:13:\"default_price\";s:8:\"27500.00\";s:6:\"status\";i:1;s:9:\"vat_apply\";i:0;s:3:\"vat\";N;s:7:\"user_id\";s:1:\"1\";s:10:\"created_at\";s:19:\"2017-05-08 04:38:11\";s:10:\"updated_at\";s:19:\"2017-05-08 04:38:11\";}s:8:\"\0*\0casts\";a:0:{}s:8:\"\0*\0dates\";a:0:{}s:13:\"\0*\0dateFormat\";N;s:10:\"\0*\0appends\";a:0:{}s:9:\"\0*\0events\";a:0:{}s:14:\"\0*\0observables\";a:0:{}s:12:\"\0*\0relations\";a:0:{}s:10:\"\0*\0touches\";a:0:{}s:10:\"timestamps\";b:1;s:9:\"\0*\0hidden\";a:0:{}s:10:\"\0*\0visible\";a:0:{}s:10:\"\0*\0guarded\";a:1:{i:0;s:1:\"*\";}}}s:7:\"50F0Z00\";a:3:{s:3:\"qty\";s:1:\"1\";s:5:\"price\";d:7000;s:4:\"item\";O:11:\"App\\Product\":25:{s:11:\"\0*\0fillable\";a:10:{i:0;s:7:\"part_no\";i:1;s:4:\"name\";i:2;s:11:\"description\";i:3;s:11:\"category_id\";i:4;s:5:\"image\";i:5;s:13:\"default_price\";i:6;s:7:\"user_id\";i:7;s:6:\"status\";i:8;s:3:\"vat\";i:9;s:9:\"vat_apply\";}s:13:\"\0*\0connection\";s:5:\"mysql\";s:8:\"\0*\0table\";N;s:13:\"\0*\0primaryKey\";s:2:\"id\";s:10:\"\0*\0keyType\";s:3:\"int\";s:12:\"incrementing\";b:1;s:7:\"\0*\0with\";a:0:{}s:12:\"\0*\0withCount\";a:0:{}s:10:\"\0*\0perPage\";i:15;s:6:\"exists\";b:1;s:18:\"wasRecentlyCreated\";b:0;s:13:\"\0*\0attributes\";a:13:{s:2:\"id\";i:1;s:7:\"part_no\";s:7:\"50F0Z00\";s:4:\"name\";s:38:\"500Z Black Return Program Imaging Unit\";s:11:\"description\";s:91:\"Up to 60,000 pages, based on 3 average letter/A4-size pages per print job and ~ 5% coverage\";s:11:\"category_id\";i:8;s:5:\"image\";s:62:\"storage/products/0mqI28UwtZ5YhFpz2fyFLOBSnLYqTPrIxvfy01rj.jpeg\";s:13:\"default_price\";s:7:\"8200.00\";s:6:\"status\";i:1;s:9:\"vat_apply\";i:0;s:3:\"vat\";N;s:7:\"user_id\";s:1:\"1\";s:10:\"created_at\";s:19:\"2017-05-08 04:26:54\";s:10:\"updated_at\";s:19:\"2017-05-08 04:26:54\";}s:11:\"\0*\0original\";a:13:{s:2:\"id\";i:1;s:7:\"part_no\";s:7:\"50F0Z00\";s:4:\"name\";s:38:\"500Z Black Return Program Imaging Unit\";s:11:\"description\";s:91:\"Up to 60,000 pages, based on 3 average letter/A4-size pages per print job and ~ 5% coverage\";s:11:\"category_id\";i:8;s:5:\"image\";s:62:\"storage/products/0mqI28UwtZ5YhFpz2fyFLOBSnLYqTPrIxvfy01rj.jpeg\";s:13:\"default_price\";s:7:\"8200.00\";s:6:\"status\";i:1;s:9:\"vat_apply\";i:0;s:3:\"vat\";N;s:7:\"user_id\";s:1:\"1\";s:10:\"created_at\";s:19:\"2017-05-08 04:26:54\";s:10:\"updated_at\";s:19:\"2017-05-08 04:26:54\";}s:8:\"\0*\0casts\";a:0:{}s:8:\"\0*\0dates\";a:0:{}s:13:\"\0*\0dateFormat\";N;s:10:\"\0*\0appends\";a:0:{}s:9:\"\0*\0events\";a:0:{}s:14:\"\0*\0observables\";a:0:{}s:12:\"\0*\0relations\";a:0:{}s:10:\"\0*\0touches\";a:0:{}s:10:\"timestamps\";b:1;s:9:\"\0*\0hidden\";a:0:{}s:10:\"\0*\0visible\";a:0:{}s:10:\"\0*\0guarded\";a:1:{i:0;s:1:\"*\";}}}}s:8:\"totalQty\";i:5;s:10:\"totalPrice\";d:42092.5;}','Ms. Upeka Kumari','Head Office','+94766999999','2nd Floor - Right Wing, \r\n267, Galle Road, \r\nColombo 03,\r\nSri Lanka.','Testing testing','storage/checkout/biihnqrsadGwYxK1aN8DtbNF4Xe5LfN8FvUIZMqj.xlsx',NULL,12,'OP','Ms. Upeka Kumari(D)','Head Office(D)','+94766666666','2nd Floor - Left Wing, \r\n267, Galle Road, \r\nColombo 03,\r\nSri Lanka.'),(36,'2017-08-09 03:24:55','2017-08-16 04:50:29',13,'O:10:\"App\\Bucket\":3:{s:5:\"items\";a:2:{i:3070166;a:3:{s:3:\"qty\";s:1:\"1\";s:5:\"price\";d:2242.5;s:4:\"item\";O:11:\"App\\Product\":25:{s:11:\"\0*\0fillable\";a:10:{i:0;s:7:\"part_no\";i:1;s:4:\"name\";i:2;s:11:\"description\";i:3;s:11:\"category_id\";i:4;s:5:\"image\";i:5;s:13:\"default_price\";i:6;s:7:\"user_id\";i:7;s:6:\"status\";i:8;s:3:\"vat\";i:9;s:9:\"vat_apply\";}s:13:\"\0*\0connection\";s:5:\"mysql\";s:8:\"\0*\0table\";N;s:13:\"\0*\0primaryKey\";s:2:\"id\";s:10:\"\0*\0keyType\";s:3:\"int\";s:12:\"incrementing\";b:1;s:7:\"\0*\0with\";a:0:{}s:12:\"\0*\0withCount\";a:0:{}s:10:\"\0*\0perPage\";i:15;s:6:\"exists\";b:1;s:18:\"wasRecentlyCreated\";b:0;s:13:\"\0*\0attributes\";a:13:{s:2:\"id\";i:8;s:7:\"part_no\";s:7:\"3070166\";s:4:\"name\";s:37:\"Standard Yield Black Re-inking Ribbon\";s:11:\"description\";s:142:\"Dot-matrix Printer Ribbon. 4 million characters @ draft 10 pitch. Compatible with Forms Printer 23xx series, 24xx series, 25xx / 25xx+ series.\";s:11:\"category_id\";i:8;s:5:\"image\";s:62:\"storage/products/x02so39MGET1DebwCNEA4gBjv3Qjujw8tAWWjbRG.jpeg\";s:13:\"default_price\";s:7:\"2400.00\";s:6:\"status\";i:1;s:9:\"vat_apply\";i:1;s:3:\"vat\";d:15;s:7:\"user_id\";s:1:\"1\";s:10:\"created_at\";s:19:\"2017-05-08 04:42:47\";s:10:\"updated_at\";s:19:\"2017-05-08 04:42:47\";}s:11:\"\0*\0original\";a:13:{s:2:\"id\";i:8;s:7:\"part_no\";s:7:\"3070166\";s:4:\"name\";s:37:\"Standard Yield Black Re-inking Ribbon\";s:11:\"description\";s:142:\"Dot-matrix Printer Ribbon. 4 million characters @ draft 10 pitch. Compatible with Forms Printer 23xx series, 24xx series, 25xx / 25xx+ series.\";s:11:\"category_id\";i:8;s:5:\"image\";s:62:\"storage/products/x02so39MGET1DebwCNEA4gBjv3Qjujw8tAWWjbRG.jpeg\";s:13:\"default_price\";s:7:\"2400.00\";s:6:\"status\";i:1;s:9:\"vat_apply\";i:1;s:3:\"vat\";d:15;s:7:\"user_id\";s:1:\"1\";s:10:\"created_at\";s:19:\"2017-05-08 04:42:47\";s:10:\"updated_at\";s:19:\"2017-05-08 04:42:47\";}s:8:\"\0*\0casts\";a:0:{}s:8:\"\0*\0dates\";a:0:{}s:13:\"\0*\0dateFormat\";N;s:10:\"\0*\0appends\";a:0:{}s:9:\"\0*\0events\";a:0:{}s:14:\"\0*\0observables\";a:0:{}s:12:\"\0*\0relations\";a:0:{}s:10:\"\0*\0touches\";a:0:{}s:10:\"timestamps\";b:1;s:9:\"\0*\0hidden\";a:0:{}s:10:\"\0*\0visible\";a:0:{}s:10:\"\0*\0guarded\";a:1:{i:0;s:1:\"*\";}}}s:8:\"E260A11P\";a:3:{s:3:\"qty\";s:1:\"1\";s:5:\"price\";d:10500;s:4:\"item\";O:11:\"App\\Product\":25:{s:11:\"\0*\0fillable\";a:10:{i:0;s:7:\"part_no\";i:1;s:4:\"name\";i:2;s:11:\"description\";i:3;s:11:\"category_id\";i:4;s:5:\"image\";i:5;s:13:\"default_price\";i:6;s:7:\"user_id\";i:7;s:6:\"status\";i:8;s:3:\"vat\";i:9;s:9:\"vat_apply\";}s:13:\"\0*\0connection\";s:5:\"mysql\";s:8:\"\0*\0table\";N;s:13:\"\0*\0primaryKey\";s:2:\"id\";s:10:\"\0*\0keyType\";s:3:\"int\";s:12:\"incrementing\";b:1;s:7:\"\0*\0with\";a:0:{}s:12:\"\0*\0withCount\";a:0:{}s:10:\"\0*\0perPage\";i:15;s:6:\"exists\";b:1;s:18:\"wasRecentlyCreated\";b:0;s:13:\"\0*\0attributes\";a:13:{s:2:\"id\";i:6;s:7:\"part_no\";s:8:\"E260A11P\";s:4:\"name\";s:47:\"E260, E360, E460 Return Program Toner Cartridge\";s:11:\"description\";s:75:\"3,500 standard pages Declared yield value in accordance with ISO/IEC 19752.\";s:11:\"category_id\";i:8;s:5:\"image\";s:62:\"storage/products/FcQ64rOviVsHAjQuhj1QNAB15Xna7rK8S5C79Hzu.jpeg\";s:13:\"default_price\";s:8:\"21500.00\";s:6:\"status\";i:1;s:9:\"vat_apply\";i:0;s:3:\"vat\";N;s:7:\"user_id\";s:1:\"1\";s:10:\"created_at\";s:19:\"2017-05-08 04:41:01\";s:10:\"updated_at\";s:19:\"2017-05-08 04:41:01\";}s:11:\"\0*\0original\";a:13:{s:2:\"id\";i:6;s:7:\"part_no\";s:8:\"E260A11P\";s:4:\"name\";s:47:\"E260, E360, E460 Return Program Toner Cartridge\";s:11:\"description\";s:75:\"3,500 standard pages Declared yield value in accordance with ISO/IEC 19752.\";s:11:\"category_id\";i:8;s:5:\"image\";s:62:\"storage/products/FcQ64rOviVsHAjQuhj1QNAB15Xna7rK8S5C79Hzu.jpeg\";s:13:\"default_price\";s:8:\"21500.00\";s:6:\"status\";i:1;s:9:\"vat_apply\";i:0;s:3:\"vat\";N;s:7:\"user_id\";s:1:\"1\";s:10:\"created_at\";s:19:\"2017-05-08 04:41:01\";s:10:\"updated_at\";s:19:\"2017-05-08 04:41:01\";}s:8:\"\0*\0casts\";a:0:{}s:8:\"\0*\0dates\";a:0:{}s:13:\"\0*\0dateFormat\";N;s:10:\"\0*\0appends\";a:0:{}s:9:\"\0*\0events\";a:0:{}s:14:\"\0*\0observables\";a:0:{}s:12:\"\0*\0relations\";a:0:{}s:10:\"\0*\0touches\";a:0:{}s:10:\"timestamps\";b:1;s:9:\"\0*\0hidden\";a:0:{}s:10:\"\0*\0visible\";a:0:{}s:10:\"\0*\0guarded\";a:1:{i:0;s:1:\"*\";}}}}s:8:\"totalQty\";i:2;s:10:\"totalPrice\";d:12742.5;}','Ms. Upeka Kumari','Head Office','+94766906027','2nd Floor, \r\n267, Galle Road, \r\nColombo 03,\r\nSri Lanka.',NULL,NULL,NULL,12,'OP','Ms. Upeka Kumari','Head Office','+94766906027','2nd Floor, \r\n267, Galle Road, \r\nColombo 03,\r\nSri Lanka.'),(37,'2017-08-16 01:41:41','2017-08-16 01:53:43',13,'O:10:\"App\\Bucket\":3:{s:5:\"items\";a:2:{i:3070166;a:3:{s:3:\"qty\";s:1:\"1\";s:5:\"price\";d:2242.5;s:4:\"item\";O:11:\"App\\Product\":25:{s:11:\"\0*\0fillable\";a:10:{i:0;s:7:\"part_no\";i:1;s:4:\"name\";i:2;s:11:\"description\";i:3;s:11:\"category_id\";i:4;s:5:\"image\";i:5;s:13:\"default_price\";i:6;s:7:\"user_id\";i:7;s:6:\"status\";i:8;s:3:\"vat\";i:9;s:9:\"vat_apply\";}s:13:\"\0*\0connection\";s:5:\"mysql\";s:8:\"\0*\0table\";N;s:13:\"\0*\0primaryKey\";s:2:\"id\";s:10:\"\0*\0keyType\";s:3:\"int\";s:12:\"incrementing\";b:1;s:7:\"\0*\0with\";a:0:{}s:12:\"\0*\0withCount\";a:0:{}s:10:\"\0*\0perPage\";i:15;s:6:\"exists\";b:1;s:18:\"wasRecentlyCreated\";b:0;s:13:\"\0*\0attributes\";a:13:{s:2:\"id\";i:8;s:7:\"part_no\";s:7:\"3070166\";s:4:\"name\";s:37:\"Standard Yield Black Re-inking Ribbon\";s:11:\"description\";s:142:\"Dot-matrix Printer Ribbon. 4 million characters @ draft 10 pitch. Compatible with Forms Printer 23xx series, 24xx series, 25xx / 25xx+ series.\";s:11:\"category_id\";i:8;s:5:\"image\";s:62:\"storage/products/x02so39MGET1DebwCNEA4gBjv3Qjujw8tAWWjbRG.jpeg\";s:13:\"default_price\";s:7:\"2400.00\";s:6:\"status\";i:1;s:9:\"vat_apply\";i:1;s:3:\"vat\";d:15;s:7:\"user_id\";s:1:\"1\";s:10:\"created_at\";s:19:\"2017-05-08 04:42:47\";s:10:\"updated_at\";s:19:\"2017-05-08 04:42:47\";}s:11:\"\0*\0original\";a:13:{s:2:\"id\";i:8;s:7:\"part_no\";s:7:\"3070166\";s:4:\"name\";s:37:\"Standard Yield Black Re-inking Ribbon\";s:11:\"description\";s:142:\"Dot-matrix Printer Ribbon. 4 million characters @ draft 10 pitch. Compatible with Forms Printer 23xx series, 24xx series, 25xx / 25xx+ series.\";s:11:\"category_id\";i:8;s:5:\"image\";s:62:\"storage/products/x02so39MGET1DebwCNEA4gBjv3Qjujw8tAWWjbRG.jpeg\";s:13:\"default_price\";s:7:\"2400.00\";s:6:\"status\";i:1;s:9:\"vat_apply\";i:1;s:3:\"vat\";d:15;s:7:\"user_id\";s:1:\"1\";s:10:\"created_at\";s:19:\"2017-05-08 04:42:47\";s:10:\"updated_at\";s:19:\"2017-05-08 04:42:47\";}s:8:\"\0*\0casts\";a:0:{}s:8:\"\0*\0dates\";a:0:{}s:13:\"\0*\0dateFormat\";N;s:10:\"\0*\0appends\";a:0:{}s:9:\"\0*\0events\";a:0:{}s:14:\"\0*\0observables\";a:0:{}s:12:\"\0*\0relations\";a:0:{}s:10:\"\0*\0touches\";a:0:{}s:10:\"timestamps\";b:1;s:9:\"\0*\0hidden\";a:0:{}s:10:\"\0*\0visible\";a:0:{}s:10:\"\0*\0guarded\";a:1:{i:0;s:1:\"*\";}}}s:8:\"E260X22G\";a:3:{s:3:\"qty\";s:1:\"1\";s:5:\"price\";d:6500;s:4:\"item\";O:11:\"App\\Product\":25:{s:11:\"\0*\0fillable\";a:10:{i:0;s:7:\"part_no\";i:1;s:4:\"name\";i:2;s:11:\"description\";i:3;s:11:\"category_id\";i:4;s:5:\"image\";i:5;s:13:\"default_price\";i:6;s:7:\"user_id\";i:7;s:6:\"status\";i:8;s:3:\"vat\";i:9;s:9:\"vat_apply\";}s:13:\"\0*\0connection\";s:5:\"mysql\";s:8:\"\0*\0table\";N;s:13:\"\0*\0primaryKey\";s:2:\"id\";s:10:\"\0*\0keyType\";s:3:\"int\";s:12:\"incrementing\";b:1;s:7:\"\0*\0with\";a:0:{}s:12:\"\0*\0withCount\";a:0:{}s:10:\"\0*\0perPage\";i:15;s:6:\"exists\";b:1;s:18:\"wasRecentlyCreated\";b:0;s:13:\"\0*\0attributes\";a:13:{s:2:\"id\";i:7;s:7:\"part_no\";s:8:\"E260X22G\";s:4:\"name\";s:53:\"E260, E360, E46x, X264, X36x, X46x Photoconductor Kit\";s:11:\"description\";s:30:\"30,000 page Photoconductor Kit\";s:11:\"category_id\";i:8;s:5:\"image\";s:62:\"storage/products/jgIahVBWxzsHKC6pQY2vLMbBYMuxtFXneuYn1hBL.jpeg\";s:13:\"default_price\";s:7:\"5500.00\";s:6:\"status\";i:1;s:9:\"vat_apply\";i:0;s:3:\"vat\";N;s:7:\"user_id\";s:1:\"1\";s:10:\"created_at\";s:19:\"2017-05-08 04:41:52\";s:10:\"updated_at\";s:19:\"2017-05-08 04:41:52\";}s:11:\"\0*\0original\";a:13:{s:2:\"id\";i:7;s:7:\"part_no\";s:8:\"E260X22G\";s:4:\"name\";s:53:\"E260, E360, E46x, X264, X36x, X46x Photoconductor Kit\";s:11:\"description\";s:30:\"30,000 page Photoconductor Kit\";s:11:\"category_id\";i:8;s:5:\"image\";s:62:\"storage/products/jgIahVBWxzsHKC6pQY2vLMbBYMuxtFXneuYn1hBL.jpeg\";s:13:\"default_price\";s:7:\"5500.00\";s:6:\"status\";i:1;s:9:\"vat_apply\";i:0;s:3:\"vat\";N;s:7:\"user_id\";s:1:\"1\";s:10:\"created_at\";s:19:\"2017-05-08 04:41:52\";s:10:\"updated_at\";s:19:\"2017-05-08 04:41:52\";}s:8:\"\0*\0casts\";a:0:{}s:8:\"\0*\0dates\";a:0:{}s:13:\"\0*\0dateFormat\";N;s:10:\"\0*\0appends\";a:0:{}s:9:\"\0*\0events\";a:0:{}s:14:\"\0*\0observables\";a:0:{}s:12:\"\0*\0relations\";a:0:{}s:10:\"\0*\0touches\";a:0:{}s:10:\"timestamps\";b:1;s:9:\"\0*\0hidden\";a:0:{}s:10:\"\0*\0visible\";a:0:{}s:10:\"\0*\0guarded\";a:1:{i:0;s:1:\"*\";}}}}s:8:\"totalQty\";i:2;s:10:\"totalPrice\";d:8742.5;}','Ms. Upeka Kumari','Head Office','+94766906027','2nd Floor, \r\n267, Galle Road, \r\nColombo 03,\r\nSri Lanka.',NULL,NULL,NULL,12,'CH','Ms. Upeka Kumari','Head Office','+94766906027','2nd Floor, \r\n267, Galle Road, \r\nColombo 03,\r\nSri Lanka.'),(38,'2017-08-16 04:33:51','2017-08-17 00:25:41',13,'O:10:\"App\\Bucket\":3:{s:5:\"items\";a:1:{i:885473;a:3:{s:3:\"qty\";s:1:\"1\";s:5:\"price\";d:8050;s:4:\"item\";O:11:\"App\\Product\":25:{s:11:\"\0*\0fillable\";a:10:{i:0;s:7:\"part_no\";i:1;s:4:\"name\";i:2;s:11:\"description\";i:3;s:11:\"category_id\";i:4;s:5:\"image\";i:5;s:13:\"default_price\";i:6;s:7:\"user_id\";i:7;s:6:\"status\";i:8;s:3:\"vat\";i:9;s:9:\"vat_apply\";}s:13:\"\0*\0connection\";s:5:\"mysql\";s:8:\"\0*\0table\";N;s:13:\"\0*\0primaryKey\";s:2:\"id\";s:10:\"\0*\0keyType\";s:3:\"int\";s:12:\"incrementing\";b:1;s:7:\"\0*\0with\";a:0:{}s:12:\"\0*\0withCount\";a:0:{}s:10:\"\0*\0perPage\";i:15;s:6:\"exists\";b:1;s:18:\"wasRecentlyCreated\";b:0;s:13:\"\0*\0attributes\";a:13:{s:2:\"id\";i:27;s:7:\"part_no\";s:6:\"885473\";s:4:\"name\";s:73:\"Toner Cartridge - MP 1500 / 1600Le / 1800Le / 2000Le / 2015 / 2016 / 2018\";s:11:\"description\";s:25:\"9,000 pages @ 5% coverage\";s:11:\"category_id\";i:12;s:5:\"image\";s:62:\"storage/products/vQRfuYsisUrOF3idTQF438FCsB3LJw7V58F47SGG.jpeg\";s:13:\"default_price\";s:7:\"5200.00\";s:6:\"status\";i:1;s:9:\"vat_apply\";i:1;s:3:\"vat\";d:15;s:7:\"user_id\";s:1:\"1\";s:10:\"created_at\";s:19:\"2017-06-06 08:48:15\";s:10:\"updated_at\";s:19:\"2017-06-06 08:48:15\";}s:11:\"\0*\0original\";a:13:{s:2:\"id\";i:27;s:7:\"part_no\";s:6:\"885473\";s:4:\"name\";s:73:\"Toner Cartridge - MP 1500 / 1600Le / 1800Le / 2000Le / 2015 / 2016 / 2018\";s:11:\"description\";s:25:\"9,000 pages @ 5% coverage\";s:11:\"category_id\";i:12;s:5:\"image\";s:62:\"storage/products/vQRfuYsisUrOF3idTQF438FCsB3LJw7V58F47SGG.jpeg\";s:13:\"default_price\";s:7:\"5200.00\";s:6:\"status\";i:1;s:9:\"vat_apply\";i:1;s:3:\"vat\";d:15;s:7:\"user_id\";s:1:\"1\";s:10:\"created_at\";s:19:\"2017-06-06 08:48:15\";s:10:\"updated_at\";s:19:\"2017-06-06 08:48:15\";}s:8:\"\0*\0casts\";a:0:{}s:8:\"\0*\0dates\";a:0:{}s:13:\"\0*\0dateFormat\";N;s:10:\"\0*\0appends\";a:0:{}s:9:\"\0*\0events\";a:0:{}s:14:\"\0*\0observables\";a:0:{}s:12:\"\0*\0relations\";a:0:{}s:10:\"\0*\0touches\";a:0:{}s:10:\"timestamps\";b:1;s:9:\"\0*\0hidden\";a:0:{}s:10:\"\0*\0visible\";a:0:{}s:10:\"\0*\0guarded\";a:1:{i:0;s:1:\"*\";}}}}s:8:\"totalQty\";i:1;s:10:\"totalPrice\";d:8050;}','Ms. Upeka Kumari','Head Office','+94766906027','2nd Floor, \r\n267, Galle Road, \r\nColombo 03,\r\nSri Lanka.',NULL,NULL,NULL,12,'PC','Ms. Upeka Kumari','Head Office','+94766906027','2nd Floor, \r\n267, Galle Road, \r\nColombo 03,\r\nSri Lanka.');
/*!40000 ALTER TABLE `p__orders` ENABLE KEYS */;
UNLOCK TABLES;

--
-- Table structure for table `password_resets`
--

DROP TABLE IF EXISTS `password_resets`;
/*!40101 SET @saved_cs_client     = @@character_set_client */;
/*!40101 SET character_set_client = utf8 */;
CREATE TABLE `password_resets` (
  `email` varchar(191) COLLATE utf8mb4_unicode_ci NOT NULL,
  `token` varchar(191) COLLATE utf8mb4_unicode_ci NOT NULL,
  `created_at` timestamp NULL DEFAULT NULL,
  KEY `password_resets_email_index` (`email`),
  KEY `password_resets_token_index` (`token`)
) ENGINE=InnoDB DEFAULT CHARSET=utf8mb4 COLLATE=utf8mb4_unicode_ci;
/*!40101 SET character_set_client = @saved_cs_client */;

--
-- Dumping data for table `password_resets`
--

LOCK TABLES `password_resets` WRITE;
/*!40000 ALTER TABLE `password_resets` DISABLE KEYS */;
INSERT INTO `password_resets` VALUES ('harsha.samarajiwa@gmail.com','4BmXFN9E3QxGhZOjDZDh8Y6BzpV0DJqKF68msBOxqDERyAvGPq8v0EhzueQroGTl',NULL);
/*!40000 ALTER TABLE `password_resets` ENABLE KEYS */;
UNLOCK TABLES;

--
-- Table structure for table `porder_histories`
--

DROP TABLE IF EXISTS `porder_histories`;
/*!40101 SET @saved_cs_client     = @@character_set_client */;
/*!40101 SET character_set_client = utf8 */;
CREATE TABLE `porder_histories` (
  `id` int(10) unsigned NOT NULL AUTO_INCREMENT,
  `created_at` timestamp NULL DEFAULT NULL,
  `updated_at` timestamp NULL DEFAULT NULL,
  `po_id` int(11) NOT NULL,
  `po_datetime` datetime NOT NULL,
  `status` text COLLATE utf8mb4_unicode_ci NOT NULL,
  PRIMARY KEY (`id`)
) ENGINE=InnoDB AUTO_INCREMENT=6 DEFAULT CHARSET=utf8mb4 COLLATE=utf8mb4_unicode_ci;
/*!40101 SET character_set_client = @saved_cs_client */;

--
-- Dumping data for table `porder_histories`
--

LOCK TABLES `porder_histories` WRITE;
/*!40000 ALTER TABLE `porder_histories` DISABLE KEYS */;
INSERT INTO `porder_histories` VALUES (1,'2017-08-16 04:48:06','2017-08-16 04:48:06',38,'2017-08-16 10:03:51','P'),(2,'2017-08-16 04:50:29','2017-08-16 04:50:29',36,'2017-08-09 08:54:55','P'),(3,'2017-08-17 00:06:45','2017-08-17 00:06:45',38,'2017-08-16 10:18:06','OP'),(4,'2017-08-17 00:25:41','2017-08-17 00:25:41',38,'2017-08-17 05:36:46','CH'),(5,'2017-08-17 00:25:52','2017-08-17 00:25:52',35,'2017-08-08 06:12:35','P');
/*!40000 ALTER TABLE `porder_histories` ENABLE KEYS */;
UNLOCK TABLES;

--
-- Table structure for table `privileges`
--

DROP TABLE IF EXISTS `privileges`;
/*!40101 SET @saved_cs_client     = @@character_set_client */;
/*!40101 SET character_set_client = utf8 */;
CREATE TABLE `privileges` (
  `id` int(10) unsigned NOT NULL AUTO_INCREMENT,
  `user_id` int(10) unsigned NOT NULL,
  `brand` tinyint(1) NOT NULL DEFAULT '0',
  `category` tinyint(1) NOT NULL DEFAULT '0',
  `product` tinyint(1) NOT NULL DEFAULT '0',
  `add_user` tinyint(1) NOT NULL DEFAULT '0',
  `user_approve` tinyint(1) NOT NULL DEFAULT '0',
  `designation` tinyint(1) NOT NULL DEFAULT '0',
  `client_prof` tinyint(1) NOT NULL DEFAULT '0',
  `client_users` tinyint(1) NOT NULL DEFAULT '0',
  `view_po` tinyint(1) NOT NULL DEFAULT '0',
  `change_po_status` tinyint(1) NOT NULL DEFAULT '0',
  `privilege` tinyint(1) NOT NULL DEFAULT '0',
  `assign_agent` tinyint(1) NOT NULL DEFAULT '0',
  `asign_brand` tinyint(1) NOT NULL DEFAULT '0',
  `asign_category` tinyint(1) NOT NULL DEFAULT '0',
  `asign_product` tinyint(1) NOT NULL DEFAULT '0',
  `product_cost` tinyint(1) NOT NULL DEFAULT '0',
  `view_reports` tinyint(1) NOT NULL DEFAULT '0',
  `client_branch` tinyint(1) NOT NULL DEFAULT '0',
  `manage_client` tinyint(1) NOT NULL DEFAULT '0',
  `created_user_id` int(11) NOT NULL,
  `created_at` timestamp NULL DEFAULT NULL,
  `updated_at` timestamp NULL DEFAULT NULL,
  PRIMARY KEY (`id`),
  KEY `privileges_user_id_index` (`user_id`)
) ENGINE=InnoDB AUTO_INCREMENT=20 DEFAULT CHARSET=utf8mb4 COLLATE=utf8mb4_unicode_ci;
/*!40101 SET character_set_client = @saved_cs_client */;

--
-- Dumping data for table `privileges`
--

LOCK TABLES `privileges` WRITE;
/*!40000 ALTER TABLE `privileges` DISABLE KEYS */;
INSERT INTO `privileges` VALUES (1,1,1,1,1,1,1,1,1,1,1,1,1,1,1,1,1,1,1,1,1,1,'2017-05-07 22:33:01','2017-05-07 22:33:01'),(2,2,0,0,0,0,0,0,1,1,1,0,0,1,1,1,1,0,1,1,1,2,'2017-05-08 00:42:49','2017-05-20 02:32:50'),(3,3,0,0,0,0,0,0,0,0,1,1,0,0,0,0,0,0,1,0,0,3,'2017-05-08 00:43:03','2017-05-08 22:09:30'),(4,4,0,0,0,0,0,0,1,1,1,0,0,1,1,1,1,1,0,1,1,4,'2017-05-08 00:55:05','2017-05-23 01:22:06'),(5,5,0,0,0,0,0,0,0,0,1,0,0,0,1,1,1,1,0,0,1,5,'2017-05-08 00:55:45','2017-05-23 01:22:20'),(6,6,0,0,0,0,0,0,1,1,1,0,0,1,1,1,1,1,0,1,1,6,'2017-05-08 00:56:21','2017-05-23 01:27:11'),(7,7,0,0,0,0,0,0,0,0,1,0,0,0,1,1,1,1,0,0,1,7,'2017-05-08 00:57:22','2017-05-23 01:27:01'),(8,8,0,0,0,0,0,0,0,0,1,0,0,0,1,1,1,1,0,0,1,8,'2017-05-08 00:57:43','2017-05-23 01:26:50'),(9,9,0,0,0,0,0,0,0,0,1,1,0,0,0,0,0,0,0,0,0,9,'2017-05-08 00:57:57','2017-05-08 00:58:30'),(10,10,0,0,0,0,0,0,0,0,1,1,0,0,0,0,0,0,0,0,0,10,'2017-05-08 00:58:13','2017-05-08 00:58:40'),(11,11,0,0,0,0,0,0,1,1,1,0,0,1,1,1,1,1,0,1,1,11,'2017-05-08 00:59:03','2017-05-23 01:26:35'),(12,12,0,0,0,0,0,0,0,0,1,0,0,0,1,1,1,1,0,0,1,12,'2017-05-08 00:59:17','2017-05-23 01:26:27'),(13,21,0,0,0,0,0,0,0,0,1,0,0,0,1,1,1,1,0,0,1,21,'2017-05-09 07:06:51','2017-05-23 01:26:20'),(14,23,1,1,1,1,1,1,1,1,1,1,1,1,1,1,1,1,1,1,1,23,'2017-05-10 02:58:54','2017-05-20 02:40:33'),(15,26,0,0,0,0,0,0,0,0,1,1,0,0,0,0,0,0,0,0,0,26,'2017-06-05 23:33:50','2017-06-05 23:33:50'),(16,28,1,1,1,1,1,1,1,1,1,1,1,1,1,1,1,1,1,1,1,28,'2017-06-07 06:40:49','2017-06-07 06:44:13'),(17,30,0,0,0,0,0,0,0,0,1,0,0,0,1,1,1,1,0,0,1,30,'2017-06-23 02:58:10','2017-06-23 02:58:15'),(18,49,0,0,0,0,0,0,1,1,1,0,0,1,1,1,1,1,0,1,1,49,'2017-06-24 01:13:06','2017-06-24 01:13:06'),(19,50,0,0,0,0,0,0,0,0,1,0,0,0,1,1,1,1,0,0,1,50,'2017-06-24 01:13:33','2017-06-24 01:13:33');
/*!40000 ALTER TABLE `privileges` ENABLE KEYS */;
UNLOCK TABLES;

--
-- Table structure for table `products`
--

DROP TABLE IF EXISTS `products`;
/*!40101 SET @saved_cs_client     = @@character_set_client */;
/*!40101 SET character_set_client = utf8 */;
CREATE TABLE `products` (
  `id` int(10) unsigned NOT NULL AUTO_INCREMENT,
  `part_no` varchar(191) COLLATE utf8mb4_unicode_ci NOT NULL,
  `name` varchar(100) COLLATE utf8mb4_unicode_ci NOT NULL,
  `description` varchar(191) COLLATE utf8mb4_unicode_ci DEFAULT NULL,
  `category_id` int(10) unsigned NOT NULL,
  `image` text COLLATE utf8mb4_unicode_ci,
  `default_price` decimal(11,2) DEFAULT NULL,
  `status` tinyint(1) NOT NULL DEFAULT '0',
  `vat_apply` tinyint(1) NOT NULL DEFAULT '0',
  `vat` double(8,2) DEFAULT NULL,
  `user_id` varchar(191) COLLATE utf8mb4_unicode_ci NOT NULL,
  `created_at` timestamp NULL DEFAULT NULL,
  `updated_at` timestamp NULL DEFAULT NULL,
  PRIMARY KEY (`id`),
  UNIQUE KEY `products_part_no_unique` (`part_no`),
  KEY `products_category_id_index` (`category_id`)
) ENGINE=InnoDB AUTO_INCREMENT=56 DEFAULT CHARSET=utf8mb4 COLLATE=utf8mb4_unicode_ci;
/*!40101 SET character_set_client = @saved_cs_client */;

--
-- Dumping data for table `products`
--

LOCK TABLES `products` WRITE;
/*!40000 ALTER TABLE `products` DISABLE KEYS */;
INSERT INTO `products` VALUES (1,'50F0Z00','500Z Black Return Program Imaging Unit','Up to 60,000 pages, based on 3 average letter/A4-size pages per print job and ~ 5% coverage',8,'storage/products/0mqI28UwtZ5YhFpz2fyFLOBSnLYqTPrIxvfy01rj.jpeg',8200.00,1,0,NULL,'1','2017-05-07 22:56:54','2017-05-07 22:56:54'),(2,'35S0125','MS312dn','Entry / Mid Range Monochrome Laser Printer - 35 PPM, A4, Duplex, Network - 1 Year Warranty',6,'storage/products/75Emf0NNqJLOKPBc9Sch2MetiVmoCh8G72h1jvbb.jpeg',28500.00,1,0,NULL,'1','2017-05-07 22:58:20','2017-05-07 22:58:20'),(3,'28C0092','CS310dn','Entry Level Colour Laser Printer - 25 PPM, A4, Duplex, Network - 1 Year Warranty',6,'storage/products/QJKt1zPW81A4IYUNhsLsxM7ixeG0w6mu7SFMOpmW.jpeg',55000.00,1,0,NULL,'1','2017-05-07 22:59:45','2017-05-07 22:59:45'),(4,'35S5860','MX310dn','Entry / Mid Range Monochrome  Multi-functional Laser Printer - 35 PPM, A4, Duplex, Network - 1 Year Warranty',7,'storage/products/nONCsyCy6ofd5ZXylDoADamQmCrE0V3ADRc03oUr.jpeg',45000.00,1,1,15.00,'1','2017-05-07 23:05:36','2017-05-07 23:05:36'),(5,'50F3H0E','503H High Yield Return Program Toner Cartridge','5,000 standard pages Declared yield value in accordance with ISO/IEC 19752.',8,'storage/products/jOMEeBMsJfoEsocYCgZY3YD596F1pKByJsLjNrp9.jpeg',27500.00,1,0,NULL,'1','2017-05-07 23:08:11','2017-05-07 23:08:11'),(6,'E260A11P','E260, E360, E460 Return Program Toner Cartridge','3,500 standard pages Declared yield value in accordance with ISO/IEC 19752.',8,'storage/products/FcQ64rOviVsHAjQuhj1QNAB15Xna7rK8S5C79Hzu.jpeg',21500.00,1,0,NULL,'1','2017-05-07 23:11:01','2017-05-07 23:11:01'),(7,'E260X22G','E260, E360, E46x, X264, X36x, X46x Photoconductor Kit','30,000 page Photoconductor Kit',8,'storage/products/jgIahVBWxzsHKC6pQY2vLMbBYMuxtFXneuYn1hBL.jpeg',5500.00,1,0,NULL,'1','2017-05-07 23:11:52','2017-05-07 23:11:52'),(8,'3070166','Standard Yield Black Re-inking Ribbon','Dot-matrix Printer Ribbon. 4 million characters @ draft 10 pitch. Compatible with Forms Printer 23xx series, 24xx series, 25xx / 25xx+ series.',8,'storage/products/x02so39MGET1DebwCNEA4gBjv3Qjujw8tAWWjbRG.jpeg',2400.00,1,1,15.00,'1','2017-05-07 23:12:47','2017-05-07 23:12:47'),(9,'13L0034','4227, 4227+ Ribbon','Dot-matrix Printer Ribbon. 15 million characters in Draft mode. Compatible with Forms Printer 4227, 4227+.',8,'storage/products/Rr9j7sl4PWXVKXY7M0sq7tXsRTbTaxGAjxcIPTzU.jpeg',7950.00,1,1,15.00,'1','2017-05-07 23:13:24','2017-05-07 23:13:24'),(10,'52D3X0E','523XE Black Extra High yield Corporate Toner Cartridge','523XE Black Extra High yield Corporate Toner Cartridge, 45,000 standard pages Declared yield value in accordance with ISO/IEC 19752. Compatble with MS811/812.',8,'storage/products/Wkz1o25V2EMjQmwZGwOUgD4akWA0NTvyFcn3CtuL.jpeg',95600.00,1,0,NULL,'1','2017-05-07 23:14:24','2017-05-07 23:14:24'),(11,'52D0Z00','520Z Black Return Program Imaging Unit','Up to 100,000 pages, based on 3 average letter/A4-size pages per print job and ~ 5% coverage. Compatible with MS71x series, MS81x series, MX71x series, MX81x series.',8,'storage/products/wH87Jk16iiLU4ynb8bJ39mTtqURP55pPCB1AJ6st.jpeg',8750.00,1,0,NULL,'1','2017-05-07 23:15:13','2017-05-07 23:15:13'),(12,'60F3H0E','603HE Black High Yield Corporate Toner Cartridge','10,000 standard pages Declared yield value in accordance with ISO/IEC 19752. Compatible with MX310dn, MX410de, MX51x series, MX61x series.',8,'storage/products/AgBub1LahJbDkFibtcsthhqT6cCx4Eu7Ifq5YxBo.jpeg',41500.00,1,1,15.00,'1','2017-05-07 23:16:30','2017-05-07 23:16:30'),(13,'60201A','PB2 Ribbon Cartridge','Impact Printer Ribbon Cartridge',1,'storage/products/hqwahLomSOzR493tw6yuR3LeAQMAaELE1RuT4wa2.jpeg',2500.00,1,1,15.00,'1','2017-05-07 23:19:00','2017-05-07 23:19:00'),(14,'417374','MP 2014D','Entry Level Photocopier',10,'storage/products/is2Q7GjgOiItpEQvdE3KuyS06T3RF8qBYhbUMX72.jpeg',100000.00,1,1,15.00,'1','2017-05-07 23:20:38','2017-05-07 23:20:38'),(15,'842136','Toner Cartrdige - MP 2014D / 2014AD','12,000 pages @ 5% coverage',12,'storage/products/vFuflNEF9AYuhh9vfglYOMlmdcRqSf76Le2Gs8uI.jpeg',5600.00,1,1,15.00,'1','2017-05-07 23:24:33','2017-05-07 23:24:33'),(16,'243293','Ricoh DD 5450','Monochrome Single Drum Digital Duplicator - 1 year Warranty',15,'storage/products/qHBtE59QEN1xgoVC00snShm0ZXZtkwcoyrg9PNG8.jpeg',565000.00,1,1,15.00,'1','2017-05-07 23:26:34','2017-05-07 23:26:34'),(17,'431173','Ricoh PJ-X2240','DLP, 3,000 Lumens, XGA - 1 Year for Projector, 1 Year or 1,000 hours for Light Source',14,'storage/products/7znPYq3jCwT2UJiM9eB0rMiQrje3v0H1VQ9a1uBl.jpeg',72000.00,1,0,NULL,'1','2017-05-07 23:29:21','2017-05-07 23:29:21'),(18,'A87M090','TN 323','TN 323- 23,ooo page toner cartrdige. Compatible with BH 367 & BH 287',4,'storage/products/mW1oviPVRiJb3fbRqabxFj6uJCK5OGDx7X0MWk1g.jpeg',14000.00,1,1,15.00,'1','2017-05-07 23:31:29','2017-05-07 23:31:29'),(19,'A33K091','TN 513','TN 513- 22,900 page Toner Cartridge. Compatible with BH 454e & BH 554e.',4,'storage/products/VOjyXPNHia5p4jsjocjSonFST4DO4N7PdneKFOEp.jpeg',14000.00,1,1,15.00,'1','2017-05-07 23:33:00','2017-05-07 23:33:00'),(20,'A33K192','TN 512-K','TN 512-K 27,500 page Black Toner Cartridge. Compatible with BH C554e & BH C454e.',4,'storage/products/IHoxmb20ExVtzpXU6MFGZEZezavxVucpbFVSIjPP.jpeg',24000.00,1,1,15.00,'1','2017-05-07 23:34:35','2017-05-10 05:31:23'),(21,'A33K492','TN 512-C','TN 512-C  26,000 page Cyan Toner Cartridge. Compatible with BH C554e  & BH C454e.',4,'storage/products/hCzcepUmtGakk1w7u5591KZUbZtpM4RoOJLxVFbE.jpeg',27000.00,1,1,15.00,'1','2017-05-07 23:35:25','2017-05-07 23:35:25'),(22,'A33K292','TN 512-Y','TN 512-Y  26,000 page Yellow Toner Cartridge. Compatible with  BH C554e & BH C454e.',4,'storage/products/ShxNpiWW6gUKPKlPFHSiVlkbzH5KQ7HL3AESJz2n.jpeg',27000.00,1,1,15.00,'1','2017-05-07 23:36:12','2017-05-07 23:36:12'),(23,'A33K392','TN 512-M','TN 512-M  26,ooo page Magenta Toner Cartridge. Compatible with  BH C554e & BH C454e.',4,'storage/products/uMDzJOUIgjQHLDyQtdwLMNG2UmUpUIVPhCxUVyJv.jpeg',27000.00,1,1,15.00,'1','2017-05-07 23:36:53','2017-05-07 23:36:53'),(25,'885274','6210d Toner Cartridge','Yield - 43,000 pages. Compatible with Aficio MP 7502',12,'storage/products/3JAc0U59zbtVYML9KUNBz0qcSIUJlsjAqa6EUD3Z.jpeg',22000.00,1,1,15.00,'1','2017-05-11 21:57:51','2017-05-11 21:57:51'),(26,'85P7015','Replacement Cartridge for Laser-jet P1102 series','Compatible with HP Laser-jet P1102. Yield 1,500 Pages. OEM Part # CE285A',17,'storage/products/mYIzl25qa4JKbAAE6uO8BQhrCopu4OsPfRx32BCG.jpeg',6900.00,1,1,15.00,'1','2017-06-05 09:39:53','2017-06-05 09:39:53'),(27,'885473','Toner Cartridge - MP 1500 / 1600Le / 1800Le / 2000Le / 2015 / 2016 / 2018','9,000 pages @ 5% coverage',12,'storage/products/vQRfuYsisUrOF3idTQF438FCsB3LJw7V58F47SGG.jpeg',5200.00,1,1,15.00,'1','2017-06-06 03:18:15','2017-06-06 03:18:15'),(28,'85P7001','Replacement Cartridge for Laser-jet 2014 / 2015 / M2727 / 7027','Compatible with Laser-jet 2014 / 2015 / M2727 / 7027, Yield 3,000 Pages. OEM Part # Q7553A',17,'storage/products/8OT5dTh6vKwHmaELvdBX5z0zepzA7h1qEgq3Qvfm.jpeg',8650.00,1,1,15.00,'1','2017-06-06 03:29:25','2017-06-06 03:29:25'),(29,'85P7008','Replacement Cartridge for Laser-jet P2035, 2055A series','Compatible with Laser-jet P2035, 2055A series. Yield 2,300 Pages. OEM Part # CE505A.',17,'storage/products/LTtojVGgTJuAby04g62FLdosnaPPSig5EdKv2Yft.jpeg',9350.00,1,1,15.00,'1','2017-06-06 03:34:06','2017-06-06 03:34:06'),(30,'75P6786','Replacement Cartridge for Laser-jet 1200 A','Yield 2,500 Pages. OEM Part # C7115A',17,'storage/products/Teveyfdx1fGiw2XoyLt1mxaTD15FeSxxQUe1LqOX.jpeg',6550.00,1,1,15.00,'1','2017-06-06 03:37:18','2017-06-06 03:37:18'),(31,'85P6795','Replacement Cartridge for Laser-jet 1160 and 1320 A series','Compatible with Laser-jet 1160 and 1320 A series. Yield 2,500 Pages. OEM Part # Q5949A.',17,'storage/products/2WwNXno6GZlpJnYDd7UcGOxsnwvIVNbqtK8lZ3Gu.jpeg',7950.00,1,1,15.00,'1','2017-06-06 03:45:48','2017-06-06 03:45:48'),(32,'40G0278','MS811dn','60 ppm (A4), 512MB, Dual Core 800Mhz, TTFP : 8 sec, 1200 x 1200 dpi, Max Duty Cycle : 275K, 2.4\" Colour Display & Numpad,\r\nStandard Warranty - 1 Year Next Business Day Onsite Warranty',6,'storage/products/Hfdp8h5hvF11bXYqWuYZtgI58EIREd5usdjYzoMB.png',195000.00,1,0,NULL,'1','2017-06-06 22:58:47','2017-06-06 22:58:47'),(33,'70C8HKE','708HKE Black High Yield Corporate Toner Cartridge','Compatible with CS310 / CS410 / CS510. Up to 4,000 standard pages in accordance with ISO/IEC 19798.',8,'storage/products/CCXRNyqRIFK8ZKxxQFklh4EptSGQYDXjhMyaVKZ0.jpeg',18780.00,1,0,NULL,'1','2017-06-06 23:08:12','2017-06-06 23:08:12'),(34,'70C8HME','708HME Magenta High Yield Corporate Toner Cartridge','Compatible with CS310 / CS410 / CS510. Up to 3,000 standard pages in accordance with ISO/IEC 19798.',8,'storage/products/UINX6PnHlZ3LI2aStRYJYnC1UyDe4qt4BqywHhTE.jpeg',25300.00,1,0,NULL,'1','2017-06-06 23:10:41','2017-06-06 23:10:41'),(35,'70C8HYE','708HYE Yellow High Yield Corporate Toner Cartridge','Compatible with CS310 / CS410 / CS510.',8,'storage/products/GAW7X4bhGeGcyLP0S19bxIDtNwi2AMA1FSVHvkKb.jpeg',25300.00,1,0,NULL,'1','2017-06-06 23:12:15','2017-06-06 23:12:15'),(36,'70C8HCE','708HCE Cyan High Yield Corporate Toner Cartridge','Compatible with CS310 / CS410 / CS510. Up to 3,000 standard pages in accordance with ISO/IEC 19798.',8,'storage/products/3FnPItEaPhtT9r0BqIr4FvFOqug2FJgYOLaKxcAI.jpeg',25300.00,1,0,NULL,'1','2017-06-06 23:15:18','2017-06-06 23:15:18'),(37,'12017SR','E120 Return Program Toner Cartridge','2,000 standard pages Declared yield value in accordance with ISO/IEC 19752.',8,'storage/products/hiN3CgCc0nAjMPlDOPyBocC5mINDinaWlzeO34zq.jpeg',17000.00,1,0,NULL,'1','2017-06-23 10:21:10','2017-06-23 10:21:10'),(38,'12026XW','E120 Photoconductor Kit','Yield 25,000 pages',8,'storage/products/BuxZDmxm00gJXMQeook2ciBHuOjgMxrslMEMAg9b.jpeg',8700.00,1,0,NULL,'1','2017-06-23 10:23:40','2017-06-23 10:23:40'),(39,'64017HR','T64x High Yield Return Program Print Cartridge','21,000 standard pages Declared yield value in accordance with ISO/IEC 19752.',8,'storage/products/HktDKDO9vaIprN7Eo9oX0P7ihM94o39E9s9TcFvt.jpeg',77800.00,1,0,NULL,'1','2017-06-23 10:31:45','2017-06-23 10:31:45'),(40,'X340H11G','X342 High Yield Return Program Toner Cartridge','6,000 standard pages Declared yield value in accordance with ISO/IEC 19752.',8,'storage/products/pHqqIuDG0DVcY2Xrsj4yeRu67eCfMZGSyfYrlAcF.jpeg',30500.00,1,1,15.00,'1','2017-06-23 10:34:18','2017-06-23 10:34:18'),(41,'X340H22G','X342 Photoconductor Kit','Yield - 30,000 pages',8,'storage/products/OfVRvl7BKhJesC48I2qDSunJjq4LFi2WWhBCog6P.jpeg',13600.00,1,1,15.00,'1','2017-06-23 10:36:03','2017-06-23 10:36:03'),(42,'E360H11P','E36x, E46x High Yield Return Program Toner Cartridge','9,000 standard pages Declared yield value in accordance with ISO/IEC 19752.',8,'storage/products/FiPyV8HtXO9glCxKDKjlnWH5g3GcyYZYEchGfNwx.jpeg',42500.00,1,0,NULL,'1','2017-06-23 10:40:44','2017-06-23 10:40:44'),(43,'T650H11P','T65x High Yield Return Program Print Cartridge','25,000 standard pages Declared yield value in accordance with ISO/IEC 19752.',8,'storage/products/i7yQmyWz9q46GuVQJMdaPvhebc7fMYKaoCACXsZQ.jpeg',88000.00,1,0,NULL,'1','2017-06-23 10:42:38','2017-06-23 10:42:38'),(44,'X264H11G','X264, X363, X364 High Yield Return Program Toner Cartridge','9,000 standard pages Declared yield value in accordance with ISO/IEC 19752. Compatible with X264dn, X36x',8,'storage/products/7WUtdIGQLyDMAI9mV1SOwRODOaVIYJhNgzANa7nQ.jpeg',40800.00,1,1,15.00,'1','2017-06-23 10:45:08','2017-06-23 10:45:08'),(45,'C734A1CG','C734, C736, X734, X736, X738 Cyan Return Program Toner Cartridge','Up to 6,000 standard pages in accordance with ISO/IEC 19798.',8,'storage/products/gp7JzU4Fe9dUtX86aE9DHufzTvizKgRGEWliAUDf.jpeg',40000.00,1,0,NULL,'1','2017-06-23 10:49:18','2017-06-23 10:49:18'),(46,'C734A1MG','C734, C736, X734, X736, X738 Magenta Return Program Toner Cartridge','Up to 6,000 standard pages in accordance with ISO/IEC 19798.',8,'storage/products/FDYgfENkNQq5DNJrtIkqh6Xj9qbMVFSHUVJcpbOx.jpeg',40000.00,1,0,NULL,'1','2017-06-23 10:51:46','2017-06-23 10:51:46'),(47,'C734A1YG','C734, C736, X734, X736, X738 Yellow Return Program Toner Cartridge','Average Continuous Composite CMY Declared Cartridge Yield in one-sided (simplex) mode up to 6,000 standard pages in accordance with ISO/IEC 19798.',8,'storage/products/cYR05ExiTMDxE7rHMVhdPHulFe9Pb3HTOfQQc81V.jpeg',40000.00,1,0,NULL,'1','2017-06-23 22:13:55','2017-06-23 22:13:55'),(48,'C734A1KG','C734, C736, X734, X736, X738 Black Return Program Toner Cartridge','Average Continuous Black Declared Cartridge Yield up to 8,000 standard pages in accordance with ISO/IEC 19798. Compatible with x73x series.',8,'storage/products/bN24k9gwpi7Uhys1Fiy34yGeYgEwSrLcc99MP2qt.jpeg',25200.00,1,0,NULL,'1','2017-06-23 22:16:28','2017-06-23 22:16:28'),(49,'C734X24G','Photoconductor Unit, 4-Pack','Yield for each: Up to 20,000 pages, based on an average of 3 pages per job and approximately 5% coverage per color per page. Yields may vary based on actual customer usage.  Compatible with x',8,'storage/products/3QBx9L2NExBVX7dNSylJsa18SH3ekVsHqO1x7qYn.png',24000.00,1,0,NULL,'1','2017-06-23 22:18:26','2017-06-23 22:18:26'),(50,'50F3X0E','503XE Black Extra High yield Corporate Toner Cartridge','Average Continuous Cartridge Yield in one-sided (simplex) mode up to\r\n10,000 standard pages Declared yield value in accordance with ISO/IEC 19752. Compatible with MSx1x series Printers.',8,'storage/products/NM7RE4hJV1QBlMl8IwS6T0KgGBKkpDo2W5jU1sXt.jpeg',41500.00,1,0,NULL,'1','2017-06-23 22:23:42','2017-06-23 22:23:42'),(51,'50F3U0E','MS510, MS610 Ultra High Yield Return Program Toner Cartridge','Average Continuous Cartridge Yield in one-sided (simplex) mode up to\r\n20,000 standard pages Declared yield value in accordance with ISO/IEC 19752. Compatible with MSx10 series Printers',8,'storage/products/ihnXoAesmRXSlTPpAzCh5gsbJlJOwvfiJ82T0kyd.jpeg',60800.00,1,0,NULL,'1','2017-06-23 22:27:11','2017-06-23 22:27:11'),(52,'X860H21G','X860e, X862e, X864e High Yield Toner Cartridge','Average Continuous Cartridge Yield in one-sided (simplex) mode up to\r\n35,000 standard pages Declared yield value in accordance with ISO/IEC 19752. Compatible with X86x series Printers',8,'storage/products/sIQdMVH72t97pqFLozmYezVyh5rNLMYRnxoDFIbf.jpeg',28800.00,1,1,15.00,'1','2017-06-23 22:29:40','2017-06-23 22:29:40'),(53,'X860H22G','X860e, X862e, X864e Photoconductor Kit','Yield 48,000 pages. Compatible with X86x series Printers.',8,'storage/products/dHcT87OHKuQfGNvnnOP8dTfML6qhRafNS8aPKCvT.jpeg',23200.00,1,1,15.00,'1','2017-06-23 22:32:57','2017-06-23 22:32:57'),(54,'W850H21G','W850 High Yield Toner Cartridge','Average Continuous Cartridge Yield in one-sided (simplex) mode up to\r\n35,000 standard pages Declared yield value in accordance with ISO/IEC 19752.',8,'storage/products/zNv3oQ0CnoE7qdThJf0uqH5dv0jibTqy82VaGXk5.jpeg',47000.00,1,0,NULL,'1','2017-06-23 22:43:43','2017-06-23 22:43:43'),(55,'W850H22G','W850 Photoconductor Kit','Yield 60,000 pages.',8,'storage/products/nPzwws3fvlqACsDa7dqFPyLDsNXxuPTzurc7A47h.jpeg',34000.00,1,0,NULL,'1','2017-06-23 22:45:16','2017-06-23 22:45:16');
/*!40000 ALTER TABLE `products` ENABLE KEYS */;
UNLOCK TABLES;

--
-- Table structure for table `user_profiles`
--

DROP TABLE IF EXISTS `user_profiles`;
/*!40101 SET @saved_cs_client     = @@character_set_client */;
/*!40101 SET character_set_client = utf8 */;
CREATE TABLE `user_profiles` (
  `id` int(10) unsigned NOT NULL AUTO_INCREMENT,
  `user_id` int(10) unsigned NOT NULL,
  `full_name` char(191) COLLATE utf8mb4_unicode_ci NOT NULL,
  `company` char(191) COLLATE utf8mb4_unicode_ci NOT NULL,
  `address` char(191) COLLATE utf8mb4_unicode_ci NOT NULL,
  `phone` int(11) NOT NULL,
  `mobile` char(191) COLLATE utf8mb4_unicode_ci NOT NULL,
  `created_user` varchar(191) COLLATE utf8mb4_unicode_ci NOT NULL,
  `created_at` timestamp NULL DEFAULT NULL,
  `updated_at` timestamp NULL DEFAULT NULL,
  PRIMARY KEY (`id`),
  KEY `user_profiles_user_id_index` (`user_id`)
) ENGINE=InnoDB DEFAULT CHARSET=utf8mb4 COLLATE=utf8mb4_unicode_ci;
/*!40101 SET character_set_client = @saved_cs_client */;

--
-- Dumping data for table `user_profiles`
--

LOCK TABLES `user_profiles` WRITE;
/*!40000 ALTER TABLE `user_profiles` DISABLE KEYS */;
/*!40000 ALTER TABLE `user_profiles` ENABLE KEYS */;
UNLOCK TABLES;

--
-- Table structure for table `users`
--

DROP TABLE IF EXISTS `users`;
/*!40101 SET @saved_cs_client     = @@character_set_client */;
/*!40101 SET character_set_client = utf8 */;
CREATE TABLE `users` (
  `id` int(10) unsigned NOT NULL AUTO_INCREMENT,
  `email` varchar(191) COLLATE utf8mb4_unicode_ci NOT NULL,
  `password` varchar(191) COLLATE utf8mb4_unicode_ci NOT NULL,
  `name` varchar(191) COLLATE utf8mb4_unicode_ci NOT NULL,
  `nic_pass` varchar(191) COLLATE utf8mb4_unicode_ci NOT NULL,
  `designation_id` int(11) NOT NULL,
  `approval` tinyint(1) NOT NULL DEFAULT '0',
  `deleted` tinyint(1) NOT NULL DEFAULT '0',
  `remember_token` varchar(100) COLLATE utf8mb4_unicode_ci DEFAULT NULL,
  `section_head_id` int(11) DEFAULT NULL,
  `user_id` varchar(191) COLLATE utf8mb4_unicode_ci NOT NULL,
  `created_at` timestamp NULL DEFAULT NULL,
  `updated_at` timestamp NULL DEFAULT NULL,
  PRIMARY KEY (`id`),
  UNIQUE KEY `users_email_unique` (`email`)
) ENGINE=InnoDB AUTO_INCREMENT=51 DEFAULT CHARSET=utf8mb4 COLLATE=utf8mb4_unicode_ci;
/*!40101 SET character_set_client = @saved_cs_client */;

--
-- Dumping data for table `users`
--

LOCK TABLES `users` WRITE;
/*!40000 ALTER TABLE `users` DISABLE KEYS */;
INSERT INTO `users` VALUES (1,'harsha@ewisl.net','$2y$10$Unh5uB2k7jCNqR9BjIEbcOi2VOGp92NOsJnqbo9S2.RHZsBUIVKwu','Harsha Samarajiwa','781552534V',12,1,0,NULL,NULL,'1','2017-05-07 22:33:01','2017-06-06 21:07:54'),(2,'chanakah@ewisl.net','$2y$10$4HzmF7lZ6616NlzOhjEUjuJaGi4CkoGCWhm3bexIDhTTd61TaYXoC','Chanaka Happuarachchi','123456789V',6,1,0,NULL,1,'1','2017-05-07 23:47:19','2017-05-20 20:40:26'),(3,'bimalka@ewisl.net','$2y$10$Mao7m0IhRVkG76aRYtoEheFSz707zBZtvSVOscqwCum24NtxUaMze','Bimalka Perera','123456789V',7,1,0,NULL,1,'1','2017-05-07 23:48:25','2017-05-08 00:43:05'),(4,'asangap@ewisl.net','$2y$10$7QK.LNLxVUgldAaYtLtk4OrXZbUiPh5q22HHIwll0yDZtj4PLocfu','Asanga Perera','123456789V',3,1,0,NULL,2,'1','2017-05-07 23:49:14','2017-08-09 03:18:35'),(5,'chandimaj@ewisl.net','$2y$10$SonSVLbbGxJCJowXSj8j9.G7G9eoRlZoKxYRIYAnypDyl4ULdsBFW','Chandima Jayasundara','123456789V',4,1,0,NULL,4,'1','2017-05-07 23:49:44','2017-05-08 00:55:51'),(6,'dineshw@ewisl.net','$2y$10$.lDOJLD4dhI0uGpZbMVGp..6z9ZZnVc99xgzqyoflRPCGS5OFEcdm','Dinesh Wickramasinghe','123456789V',9,1,0,NULL,2,'1','2017-05-07 23:50:14','2017-05-08 00:57:02'),(7,'manjulah@ewisl.net','$2y$10$lgcK9FNgNpV3Qr6tedTho.tnp.0Dv61L2C/91HPm3RdFzeepJUBGW','Manjula Hennadige','123456789V',4,1,0,NULL,6,'1','2017-05-07 23:50:38','2017-05-08 00:57:31'),(8,'amilaa@ewisl.net','$2y$10$a1l83aqeDmHjz1fufKV1v.ReIWN1seT9y3mSbhyez1PVoCpDtLmgy','Amila Atapattu','123456789V',4,1,0,NULL,6,'1','2017-05-07 23:51:01','2017-05-08 00:57:45'),(9,'damayanthik@ewisl.net','$2y$10$puQQJTZ8SOYm2J4MwWu2Z.s23M6YaEBTWCb1AFOucYPpbavAWpxWW','Damayanthi Kariyawasam','123456789V',5,1,0,NULL,3,'1','2017-05-07 23:51:37','2017-05-08 00:57:59'),(10,'hashanp@ewisl.net','$2y$10$ZJStD9OR0UVMfncRqKspe.6u9pGYxI84YXVBPMg7s1ZtIcZyQ1Cs2','Hashan Peiris','123456789V',5,1,0,NULL,3,'1','2017-05-07 23:52:04','2017-05-08 00:58:15'),(11,'nirmanaj@ewisl.net','$2y$10$FNTN22gFqLLH58JSfDk18OfOZsbOyO3ySUmklCQifwOg204sMdle6','Nirmana Jayatunge','123456789V',8,1,0,NULL,2,'1','2017-05-07 23:54:22','2017-05-08 00:59:05'),(12,'sankhad@ewisl.net','$2y$10$qmVL34xoVNOFYNT4mOVJkevju.ek1K8BxSIaFtnUWC2uUqqwZ1rLC','Sankha De Silva','123456789V',4,1,0,NULL,11,'1','2017-05-07 23:55:08','2017-05-08 00:59:20'),(13,'gayan@nsbm.lk','$2y$10$iDI4dmWQziY9.uOmRvONUeBF2RCICOjnuO0CTt6JR4gBA5pEguuOm','Mr. Gayan Patirana','833063243V',2,0,0,NULL,NULL,'1','2017-05-08 00:05:29','2017-08-09 03:12:10'),(14,'nalinda.damion@laugfs.lk','$2y$10$qSD34E9MkG4aHVDoDdgrA.ZEB535sKZH5xRmzdpJrx6wfJ0qKToS.','Mr. Nalinda Damian','123456789V',2,0,0,NULL,NULL,'1','2017-05-08 00:35:12','2017-06-21 03:33:36'),(15,'dineshka.k@cargillsceylon.com','$2y$10$s16qt1mWSslaTgnnzGMx1.pL2bJ3A9HBSU4XEXhpDLlimeaFcQnYa','Ms. Dineshka Keragala','123456789V',2,0,0,NULL,NULL,'1','2017-05-08 00:36:05','2017-06-21 03:33:41'),(16,'SuchinthaP@allianz.lk','$2y$10$OYEwoOC9GflhJ.mAHkg5n.FY7pvFrhllBinw3f5sDxJWLAqUHtbki','Mr. Suchintha Perera','123456789V',2,1,0,NULL,NULL,'1','2017-05-08 00:38:34','2017-05-12 00:48:29'),(17,'bhathika_ranaweera@combank.net','$2y$10$I6anT261vV69SxhrwBCRser6LpzeiItQLSzfFVcZMPfPfWeBOzZIy','Mr. Bhathika Ranaweera','123456789V',2,0,0,NULL,NULL,'1','2017-05-08 00:39:10','2017-06-21 03:33:49'),(18,'pasinj@cilanka.com','$2y$10$bRMU3OMXWXKw70F50Kbm4OZLoqPByxBy/T4LQi95dmGSL.IomGxJK','Mr. Pasin Jeyakrishna','123456789V',2,0,0,NULL,NULL,'1','2017-05-08 00:39:41','2017-06-21 03:33:55'),(19,'delan.mendis@dfccbank.com','$2y$10$/NWSnNwAh64g.ZxEU4MG5O2LK0l3nFUF4On3wdvnJOtqwuzU/4jcu','Mr. Delan Mendis','123456789V',2,0,0,NULL,NULL,'1','2017-05-08 00:40:07','2017-06-21 03:34:00'),(20,'jerome@ric.lk','$2y$10$YibyVFG62wjs/v.zRNTmCe81bFfZqZZrcdPjcgRdcx48udbPHzIZG','Jerome Dias','123456789V',2,1,0,NULL,NULL,'1','2017-05-09 07:02:56','2017-05-12 01:04:54'),(21,'dulajp@ewisl.net','$2y$10$c2EObekYu92IfCn872RaquT74mrjCtsI/zHxUVa0sEAZfans.1jh2','Dulaj Perera','123456789V',4,1,0,NULL,6,'1','2017-05-09 07:06:33','2017-05-12 00:42:25'),(22,'rangika.l@nsbm.lk','$2y$10$l3OlNvND8gXvuoTsuvOpbeGGaIxZOMZG3R7ve52mg2Qk/2BPpa9rO','Rangika Lakmini Balasuriya','898534014V',2,1,0,NULL,NULL,'1','2017-05-09 07:18:20','2017-05-18 00:36:23'),(23,'mahendralakmal@gmail.com','$2y$10$50dSuFzZpfFXA536zTQy1ubV20aqzJYovzrGanBPJnG9imisyXZpC','M L Karanduwawala','123456789',12,1,0,NULL,1,'1','2017-05-10 02:58:17','2017-05-10 03:04:05'),(24,'harsha.samarajiwa@gmail.com','$2y$10$P8cKGLlfJ8XIUBE1zBRnKO3H1xP/PdRuuC572nrxsLQvWZwwXgwCC','Harsha Samarajiwa','781552534V',2,1,0,NULL,NULL,'1','2017-05-12 01:56:46','2017-07-07 02:24:23'),(25,'upekha_k@senfin.com','$2y$10$E8Hw72C2QE/JnfaDI7cEt.LGYadhkQYnaLkiJrwZd2LfXf/5g3TXu','Ms. Upeka Kumari','123456789V',2,1,0,NULL,NULL,'1','2017-06-05 04:59:59','2017-06-05 05:11:25'),(26,'shehanm@ewisl.net','$2y$10$B2v1NVyO5vYd7C4Akvt4N.l1WdSa1Fm3xEvLbBSWAqp.0vkF4qkFq','Shehan Mendis','951791938V',5,1,0,NULL,3,'1','2017-06-05 23:33:22','2017-06-05 23:33:29'),(28,'roseanne@ewisl.net','$2y$10$dsbCxMjjj4doGnX2txGwOeFeEAv97RDLclOLW8dEIwNLxuCSeG67S','Roseanne Wijayanayaka','123456789V',13,1,0,NULL,1,'1','2017-06-07 06:40:11','2017-06-07 06:40:18'),(29,'Tiran.Madushanka@pabcbank.com','$2y$10$E1pFc04918kZjEeyfgJFteWY/HNEngqGcAO9gW8EpOBYKbGFWzPD2','Mr. Tiran Madushanka','123456789V',2,1,0,NULL,NULL,'1','2017-06-07 06:53:40','2017-06-11 23:27:39'),(30,'thilokap@ewisl.net','$2y$10$TaIwt87Qk9iYXgCB/XAL/OVa1QPvd97V6OR7oqPNbxcqGrzTnQyuS','Thiloka Premarathna','123456789V',4,1,0,NULL,11,'1','2017-06-23 02:57:38','2017-06-23 02:57:58'),(31,'nishantha.mudannayake@dimolanka.com','$2y$10$A0cN1OMHL/MHCflvq0BglO73H2PViE.xmbL7eiGIxAm64dyHARI.O','Mr. Nishantha Mudannayake','123456789V',2,1,0,NULL,NULL,'1','2017-06-23 03:13:14','2017-08-09 03:09:05'),(32,'Padmal.Jayaweera@dimolanka.com','$2y$10$bkC8ewziANhufeNnVOGE.O35OZfAp63I2bf7pYnG9/sWo53dcgzwa','Mr. Padmal Jayaweera','123456789V',2,1,0,NULL,NULL,'1','2017-06-23 03:14:12','2017-06-25 21:29:11'),(34,'Udayanga.Bhagya@dimolanka.com','$2y$10$piF719PQGrtheAQztvM5n..gYluWzZ3aEX6u/D2bzuPnHxNIzCYVW','Udayanga Bhagya','123456789V',2,1,0,NULL,NULL,'1','2017-06-23 03:22:02','2017-06-25 21:32:23'),(35,'michelle.weerakoon@dimolanka.com','$2y$10$fY1gl7XiScic54W8MgGfNOC1DBsOuVhi8snkRojW3SgnTVEN7zl/q','Ms. Michelle Weerakoon','123456789V',2,1,0,NULL,NULL,'1','2017-06-23 03:23:44','2017-06-25 23:23:02'),(36,'Indika.kumara@dimolanka.com','$2y$10$bTxSTdjsWKdfjvfQHXh5OOL5qPJu2XCWOmGuIZNDYUtvnifJFdEGW','Mr. Indika Kumara','123456789V',2,1,0,NULL,NULL,'1','2017-06-23 03:25:12','2017-06-25 21:37:07'),(37,'Lakshman.Wijerathne@dimolanka.com','$2y$10$u9UQzRFU56uPDdAXNzIqh.OO6weZYwnnyz5J/8LRBnyy2xDl1pfve','Mr. Lakshman Wijerathne','123456789V',2,1,0,NULL,NULL,'1','2017-06-23 03:26:44','2017-06-25 23:24:11'),(38,'Kushaj.Liyanage@dimolanka.com','$2y$10$3AVcbxynNUcsfmaoAYv2COaprqh.x5T2PIICZ/K2Dq6MjOXThvCLq','Mr. Kushaj Liyanage','123456789V',2,1,0,NULL,NULL,'1','2017-06-23 03:27:56','2017-06-25 23:25:34'),(39,'Aruni.DeZoysa@dimolanka.com','$2y$10$vVtNkymaHlDb5tU4pnzqCODwGFVpfX2itX8BNB0eTOCg9faGCBpQS','Ms. Aruni De Zoysa','123456789V',2,1,0,NULL,NULL,'1','2017-06-23 03:29:45','2017-06-25 23:26:13'),(40,'Nuwan.Karunanayaka@dimolanka.com','$2y$10$Lf0UuoVPzJOlbh/vZes61eX9Bo0xUjBFppkxDGdcQSneJlulTyFxu','Mr. Nuwan Karunanayaka','123456789V',2,1,0,NULL,NULL,'1','2017-06-23 03:30:41','2017-06-25 23:29:48'),(41,'Tharangani.Kulathunga@dimolanka.com','$2y$10$7qJJIP648tB6wYHfZ.V8tuaGKV8MZ5jsJaqduZrPAgDuqg6snh6rS','Ms. Tharangani Kulathunga','123456789V',2,1,0,NULL,NULL,'1','2017-06-23 09:50:42','2017-06-25 23:31:47'),(42,'Niluka.Ferdinans@dimolanka.com','$2y$10$NWi/r92GCyxHGWHNHWyrX.I4PEcFly.A3haKqjruERNtJTxjiiEQe','Niluka Ferdinans','123456789V',2,1,0,NULL,NULL,'1','2017-06-23 09:52:35','2017-06-25 23:48:04'),(43,'prasanna.ranasinghe@dimolanka.com','$2y$10$snXDlIZJWUxK7CGAwizDQeIHwUU/K0eSYJiLrZ9tmAaG/c2PAWQ5i','Mr. Prasanna Ranasinghe','123456789V',2,1,0,NULL,NULL,'1','2017-06-23 09:54:25','2017-06-25 23:50:26'),(44,'ajith.siriwardane@demolanka.com','$2y$10$L9zceBVjNaLN/wum7z6T1ezqVbsvgEY.eKF6QYAZSUEbHU3VvoxJW','Mr. Ajith Siriwardena','123456789V',2,1,0,NULL,NULL,'1','2017-06-23 09:57:53','2017-06-25 23:56:00'),(45,'Wasana.Weerasinghe@dimolanka.com','$2y$10$SQ4g/3kGA3M3Rq4/n7hZG.D0amwe6wujTNiqX5.lhzX2cPDlK0YbK','Wasana Weerasinghe','123456789V',2,1,0,NULL,NULL,'1','2017-06-23 09:58:58','2017-06-25 23:55:12'),(46,'Sajith.Rambukpitiya@dimolanka.com','$2y$10$eL8QqSwWWBTop0o0ZLP/fel4XXdB1LOZzX323WVktN597FZItqt06','Mr. Sajith Rambukpitiya','123456789V',2,1,0,NULL,NULL,'1','2017-06-23 10:00:21','2017-06-25 23:54:17'),(47,'Renuka.Subasinghe@dimolanka.com','$2y$10$CnDvxyw1T.Jik7cy6xARG.vW5k7TPcPn5T7nAEPjnnO57dmGzsyye','Renuka Subasinghe','123456789V',2,1,0,NULL,NULL,'1','2017-06-23 10:01:47','2017-06-25 23:52:05'),(48,'Lakmal.Kodithuwakku@dimolanka.com','$2y$10$RJl79IcW.uhweflMa2eMxORLyd/IacRU1CT/JYQKVD.MhKYuBrjcm','Mr. Lakmal Kodithuwakku','123456789V',2,1,0,NULL,NULL,'1','2017-06-23 10:03:06','2017-06-25 23:36:52'),(49,'pierref@ewisl.net','$2y$10$jV4ipEA3qFUAv3WmTL4NWOr0udhrw4S/UHSOKWlT73j0X/LuS.Zoi','Pierre Fernando','123456789V',14,1,0,NULL,2,'1','2017-06-24 01:11:35','2017-06-24 01:12:27'),(50,'roshans@ewisl.net','$2y$10$IkEALJYhlM0pOfhPKyWzAONFowOL7vhiEV/wHQHH.cV3Vn7qYnxVu','Roshan Silva','123456789V',4,1,0,NULL,49,'1','2017-06-24 01:12:15','2017-06-24 01:13:21');
/*!40000 ALTER TABLE `users` ENABLE KEYS */;
UNLOCK TABLES;

--
-- Current Database: `ewis`
--

USE `ewis`;

--
-- Final view structure for view `client_assign_product_views`
--

/*!50001 DROP TABLE IF EXISTS `client_assign_product_views`*/;
/*!50001 DROP VIEW IF EXISTS `client_assign_product_views`*/;
/*!50001 SET @saved_cs_client          = @@character_set_client */;
/*!50001 SET @saved_cs_results         = @@character_set_results */;
/*!50001 SET @saved_col_connection     = @@collation_connection */;
/*!50001 SET character_set_client      = utf8mb4 */;
/*!50001 SET character_set_results     = utf8mb4 */;
/*!50001 SET collation_connection      = utf8mb4_general_ci */;
/*!50001 CREATE ALGORITHM=UNDEFINED */
/*!50013 DEFINER=`root`@`localhost` SQL SECURITY DEFINER */
/*!50001 VIEW `client_assign_product_views` AS select `c`.`id` AS `id`,`c`.`c_category_id` AS `c_category_id`,`c`.`product_id` AS `product_id`,`p`.`part_no` AS `part_no`,`p`.`name` AS `name` from (((((`client__products` `c` left join `c_brands` `cb` on((`c`.`brand_id` = `cb`.`id`))) left join `brands` `b` on((`b`.`id` = `cb`.`brand_id`))) left join `c_categories` `cc` on((`c`.`c_category_id` = `cc`.`id`))) left join `categories` `cg` on((`cc`.`category_id` = `cg`.`id`))) left join `products` `p` on((`c`.`product_id` = `p`.`id`))) where (`c`.`remove` = 0) */;
/*!50001 SET character_set_client      = @saved_cs_client */;
/*!50001 SET character_set_results     = @saved_cs_results */;
/*!50001 SET collation_connection      = @saved_col_connection */;
/*!40103 SET TIME_ZONE=@OLD_TIME_ZONE */;

/*!40101 SET SQL_MODE=@OLD_SQL_MODE */;
/*!40014 SET FOREIGN_KEY_CHECKS=@OLD_FOREIGN_KEY_CHECKS */;
/*!40014 SET UNIQUE_CHECKS=@OLD_UNIQUE_CHECKS */;
/*!40101 SET CHARACTER_SET_CLIENT=@OLD_CHARACTER_SET_CLIENT */;
/*!40101 SET CHARACTER_SET_RESULTS=@OLD_CHARACTER_SET_RESULTS */;
/*!40101 SET COLLATION_CONNECTION=@OLD_COLLATION_CONNECTION */;
/*!40111 SET SQL_NOTES=@OLD_SQL_NOTES */;

-- Dump completed on 2017-08-18 22:42:57
